country,life_exp_1999,life_exp_2000,life_exp_2001,life_exp_2002,life_exp_2003,life_exp_2004,life_exp_2005,life_exp_2006,population_1999,population_2000,population_2001,population_2002,population_2003,population_2004,population_2005,population_2006,min_1999,min_2000,min_2001,min_2002,min_2003,min_2004,min_2005,min_2006,max_1999,max_2000,max_2001,max_2002,max_2003,max_2004,max_2005,max_2006,avg_1999,avg_2000,avg_2001,avg_2002,avg_2003,avg_2004,avg_2005,avg_2006
AFG,54.846,55.298,55.798,56.454,57.344,57.944,58.361,58.684,19262847.0,19542982.0,19688632.0,21000256.0,22645130.0,23553551.0,24411191.0,25442944.0,18.4,20.1,10.4,10.0,15.5,18.0,14.1,20.8,65.0,67.8,90.0,85.8,89.2,86.7,72.7,74.0,38.92,37.64,45.62,46.91,47.35,45.03,34.45,41.26
AGO,45.386,46.024,46.59,47.386,49.617,50.592,51.57,52.369,15870753.0,16394062.0,16941587.0,17516139.0,18124342.0,18771125.0,19450959.0,20162340.0,7.3,7.6,8.3,9.5,8.0,7.5,9.1,7.1,26.6,33.0,28.8,29.2,27.7,29.6,29.3,25.0,13.76,15.01,16.42,15.98,14.9,14.32,16.16,13.31
ALB,75.183,75.404,75.639,75.89,76.142,76.376,76.621,76.816,3108778.0,3089027.0,3060173.0,3051010.0,3039616.0,3026939.0,3011487.0,2992547.0,19.0,18.2,14.5,15.1,14.6,14.1,13.2,12.7,24.6,23.5,18.8,19.2,18.7,18.8,17.6,17.4,21.54,21.17,16.38,17.25,16.62,16.31,15.55,14.81
ARE,73.67,74.38,74.636,74.901,76.222,76.453,76.683,76.909,3097563.0,3275333.0,3454198.0,3633655.0,3813443.0,3993339.0,4280993.0,4898954.0,35.5,43.3,42.4,35.7,47.0,44.1,41.8,39.9,46.7,52.9,48.8,43.7,59.9,49.8,53.7,53.5,41.75,47.58,45.71,40.3,53.35,47.75,47.48,47.35
ARG,73.722,73.926,74.186,74.408,74.08,74.855,75.139,75.433,36653031.0,37070774.0,37480493.0,37885028.0,38278164.0,38668796.0,39070501.0,39476851.0,1.8,1.5,1.8,1.8,1.5,1.6,1.6,1.7,22.3,22.8,21.3,28.0,19.0,21.4,25.9,16.1,6.29,5.5,6.13,6.71,6.42,5.37,5.88,5.74
ARM,70.257,70.624,70.932,71.018,71.436,71.421,71.792,71.987,3206030.0,3168523.0,3133133.0,3105037.0,3084102.0,3065745.0,3047246.0,3026486.0,14.4,13.1,12.2,11.5,12.0,11.7,12.3,11.5,21.6,20.2,21.1,20.8,21.1,21.5,21.4,21.2,16.1,14.75,14.55,14.35,15.52,14.92,14.92,14.95
AUS,78.9317073170732,79.2341463414634,79.6341463414634,79.9365853658537,80.2390243902439,80.490243902439,80.8414634146341,81.0414634146342,18812264.0,19028802.0,19274701.0,19495210.0,19720737.0,19932722.0,20176844.0,20450966.0,1.9,1.8,1.7,1.9,1.7,1.5,1.6,1.6,12.0,10.2,10.9,10.2,20.9,9.3,8.7,12.8,5.25,4.43,5.07,5.91,4.72,4.16,4.42,4.44
AUT,77.8756097560976,78.1268292682927,78.5756097560976,78.6780487804878,78.6317073170732,79.1804878048781,79.3317073170732,79.8804878048781,7992324.0,8011566.0,8042293.0,8081957.0,8121423.0,8171966.0,8227829.0,8268641.0,16.1,14.7,14.2,13.7,12.3,11.0,11.3,12.2,25.0,24.3,23.3,24.5,22.3,18.8,22.8,24.3,19.93,18.98,17.52,18.07,16.49,13.94,15.86,16.53
AZE,64.189,64.891,65.51,66.239,66.756,67.346,67.562,68.165,7982750.0,8048600.0,8111200.0,8171950.0,8234100.0,8306500.0,8391850.0,8484550.0,11.4,11.5,12.4,12.0,13.4,12.5,12.3,12.9,22.5,23.1,20.4,21.6,25.3,19.5,23.0,23.8,18.95,18.35,16.1,16.98,18.56,15.91,17.33,18.0
BDI,47.528,47.514,48.431,49.891,50.857,52.01,53.023,53.869,6180180.0,6307659.0,6465729.0,6648938.0,6860846.0,7120496.0,7388874.0,7658190.0,15.0,18.7,20.4,17.8,17.0,18.9,17.0,14.7,25.4,30.9,26.6,24.3,21.0,24.9,23.5,19.5,18.36,23.49,23.49,19.92,18.66,20.7,19.61,16.64
BEL,77.619512195122,77.7219512195122,77.9731707317073,78.0756097560976,78.1292682926829,78.8780487804878,78.9804878048781,79.380487804878,10226419.0,10251250.0,10286570.0,10332785.0,10376133.0,10421137.0,10478617.0,10547958.0,18.4,15.0,14.5,14.3,15.5,13.1,12.5,13.9,22.4,25.2,21.2,20.5,25.5,23.2,18.4,23.8,20.4,19.31,17.85,17.21,19.88,17.33,15.29,18.38
BEN,56.526,56.578,56.66,56.606,56.738,56.826,57.125,57.456,6788589.0,6998023.0,7212041.0,7431783.0,7659208.0,7894554.0,8149419.0,8402631.0,49.2,68.6,58.0,59.2,49.0,66.1,59.0,56.4,66.6,89.0,74.6,74.8,65.3,87.1,79.0,73.3,58.59,79.71,66.44,66.08,55.0,72.35,65.72,63.01
BFA,50.325,50.847,51.071,51.272,51.793,52.416,53.092,53.742,11533554.0,11882888.0,12249764.0,12632269.0,13030591.0,13445977.0,13876127.0,14316242.0,45.5,54.7,43.0,45.8,42.7,58.8,50.2,45.4,62.6,70.9,62.3,64.0,60.4,78.9,69.7,61.6,52.26,63.11,53.64,57.88,49.17,69.48,60.8,54.01
BGD,66.228,65.779,66.135,66.612,66.824,67.187,67.299,67.241,126754824.0,129193327.0,131670484.0,134139826.0,136503206.0,138789725.0,140912590.0,142628831.0,24.0,25.1,28.3,25.7,23.0,24.0,26.3,28.3,50.8,58.4,59.4,62.5,56.3,55.8,60.4,61.6,41.31,47.47,50.91,51.16,47.81,48.14,49.37,51.51
BGR,71.4121951219512,71.6634146341463,71.7682926829268,71.8658536585366,72.0658536585366,72.5634146341463,72.5609756097561,72.6121951219512,8210624.0,8170172.0,8009142.0,7837161.0,7775327.0,7716860.0,7658972.0,7601022.0,17.5,16.8,15.2,15.2,13.8,12.3,14.1,13.2,25.1,25.7,21.8,22.3,20.3,19.3,19.9,19.5,21.23,20.49,17.95,18.83,17.09,15.08,16.61,15.93
BHS,71.771,72.041,72.11,72.232,72.402,72.478,72.765,72.855,320272.0,325014.0,329626.0,334002.0,338490.0,343089.0,347804.0,352664.0,6.4,6.8,6.6,5.4,5.7,5.4,5.3,6.0,6.4,6.8,6.6,5.4,5.7,5.4,5.3,6.0,6.4,6.8,6.6,5.4,5.7,5.4,5.3,6.0
BIH,75.076,74.496,75.06,74.612,75.782,76.133,75.42,76.247,4153014.0,4179350.0,4194932.0,4198410.0,4183757.0,4142860.0,4094297.0,4058086.0,17.8,18.8,14.4,14.8,15.7,14.3,13.0,13.3,30.2,29.3,24.7,26.0,25.0,23.2,25.7,24.9,24.07,23.37,19.35,20.92,19.73,18.44,19.21,18.69
BLR,67.9073170731707,68.9121951219512,68.5073170731707,68.0560975609756,68.5536585365854,68.9560975609756,68.8512195121951,69.4048780487805,10026738.0,9979610.0,9928549.0,9865548.0,9796749.0,9730146.0,9663915.0,9604924.0,17.6,14.2,13.5,17.3,13.3,13.1,12.4,16.7,25.0,22.9,21.1,25.6,22.9,17.7,21.4,24.6,21.0,18.15,16.9,20.85,15.63,14.67,16.73,19.6
BLZ,68.773,68.564,68.357,68.752,68.909,69.227,69.376,70.093,232733.0,240406.0,248100.0,255987.0,263998.0,272128.0,280375.0,288729.0,10.9,13.0,11.4,9.9,12.1,8.5,10.8,8.9,12.0,16.2,13.4,12.2,16.5,9.6,13.4,11.2,11.46,15.14,12.48,11.12,14.46,8.98,11.92,10.28
BOL,61.871,62.346,62.843,63.306,63.635,64.004,64.386,64.779,8439052.0,8592656.0,8746084.0,8900583.0,9057378.0,9216279.0,9377388.0,9542663.0,7.4,7.2,6.7,6.9,5.6,6.1,6.2,4.8,24.0,26.0,20.6,23.7,24.5,26.2,26.6,21.5,16.46,13.08,11.25,14.28,12.02,15.51,15.66,11.88
BRA,69.524,69.737,70.195,70.41,70.72,71.131,71.753,72.037,173486281.0,175873720.0,178211881.0,180476685.0,182629278.0,184722043.0,186797334.0,188820682.0,3.2,3.0,2.9,3.0,2.6,2.4,2.4,2.4,40.3,28.2,24.5,31.2,27.3,39.5,33.0,25.5,12.5,10.27,11.36,12.45,11.58,13.02,12.19,10.01
BRN,73.863,74.08,74.276,74.426,74.561,74.65,74.731,74.783,327045.0,333926.0,340748.0,347463.0,354045.0,360461.0,366717.0,372808.0,8.8,7.5,7.8,12.2,10.9,11.5,9.0,14.1,10.4,8.9,9.4,14.3,12.9,13.9,11.9,19.0,9.6,8.2,8.6,13.25,11.9,12.7,10.45,16.55
BTN,62.23,62.01,63.444,64.078,64.696,65.268,65.805,66.362,570990.0,587207.0,603234.0,619048.0,634627.0,649991.0,663323.0,673260.0,7.9,9.7,10.9,11.8,12.8,15.9,16.1,17.2,24.8,28.1,25.4,26.1,28.6,32.0,32.4,32.4,15.18,17.81,18.61,18.76,20.87,24.14,24.73,24.65
BWA,51.694,51.011,50.676,50.632,50.947,51.617,52.61,53.918,1691558.0,1726985.0,1761930.0,1795130.0,1826863.0,1859085.0,1892807.0,1928704.0,4.9,4.9,6.4,7.0,6.9,6.0,5.9,5.7,20.6,14.2,14.0,12.6,12.1,10.5,12.2,10.7,9.44,8.98,10.22,9.65,9.07,7.75,9.33,7.57
CAF,45.75,45.406,45.393,45.409,45.76,46.038,46.433,46.851,3655360.0,3759170.0,3844773.0,3930648.0,4026841.0,4115138.0,4208834.0,4294352.0,28.0,29.5,21.7,21.8,22.4,20.1,21.7,20.1,46.7,44.2,34.6,33.5,37.3,47.5,41.4,34.8,34.47,35.19,27.71,27.73,29.31,33.22,28.04,27.43
CAN,78.8853658536585,79.1365853658537,79.3390243902439,79.490243902439,79.7414634146342,79.8926829268293,80.1926829268293,80.3439024390244,30401286.0,30685730.0,31020902.0,31360079.0,31644028.0,31940655.0,32243753.0,32571174.0,1.4,1.2,1.2,1.3,1.7,1.4,1.4,1.3,22.9,12.3,14.0,14.6,13.6,49.1,20.1,19.9,3.99,3.28,3.35,3.86,4.18,6.01,3.97,3.73
CHE,79.580487804878,79.6804878048781,80.1804878048781,80.3853658536585,80.5365853658537,81.0878048780488,81.2365853658537,81.490243902439,7143991.0,7184250.0,7229854.0,7284753.0,7339001.0,7389625.0,7437115.0,7483934.0,15.7,14.7,16.8,14.1,15.7,11.4,11.6,12.7,26.8,22.7,21.4,18.9,19.2,15.2,14.3,17.1,22.66,18.58,18.47,16.83,17.86,13.52,13.18,15.74
CHL,76.018,76.87,76.773,77.445,77.387,77.616,78.016,78.261,15176410.0,15351799.0,15523978.0,15693790.0,15859112.0,16017966.0,16175311.0,16334575.0,1.6,1.3,1.6,1.6,1.5,1.6,1.6,1.6,23.2,25.8,20.9,25.7,17.7,20.4,21.6,17.5,6.39,5.79,6.59,6.91,5.22,5.39,5.63,5.11
CHN,71.419,71.881,72.606,72.985,73.371,73.748,74.111,74.504,1252735000.0,1262645000.0,1271850000.0,1280400000.0,1288400000.0,1296075000.0,1303720000.0,1311020000.0,1.5,2.0,2.9,2.7,3.0,3.1,2.7,2.2,198.9,168.5,171.4,171.4,127.9,124.3,101.7,149.9,31.62,33.62,32.85,33.55,32.53,31.48,29.19,35.47
CIV,50.957,50.842,50.81,50.886,50.954,51.363,51.824,52.355,16345894.0,16799670.0,17245468.0,17683897.0,18116451.0,18544903.0,18970215.0,19394057.0,40.7,48.2,33.0,40.8,35.1,55.4,46.8,39.1,60.6,84.8,54.6,70.3,53.5,86.7,67.0,56.7,51.67,66.32,43.57,50.44,43.48,71.94,55.74,47.74
CMR,52.695,52.932,53.142,53.415,53.883,54.178,54.362,54.856,14698973.0,15091594.0,15493253.0,15914033.0,16354326.0,16809407.0,17275171.0,17751333.0,28.0,34.0,24.5,24.0,25.8,25.2,22.4,16.8,56.8,69.0,57.9,61.9,58.0,67.9,66.7,60.3,44.27,48.76,37.32,37.21,39.4,45.78,40.46,37.17
COD,49.945,51.781,52.116,52.333,52.827,53.426,53.927,54.534,47227238.0,48616317.0,50106657.0,51662071.0,53205639.0,54815607.0,56550247.0,58381630.0,10.8,12.6,14.6,11.9,11.4,10.4,11.1,10.2,51.9,62.2,39.5,39.7,36.8,45.1,36.8,30.4,33.02,39.33,27.34,28.12,26.98,31.37,27.17,23.06
COG,52.757,53.682,54.395,55.088,55.948,56.986,58.126,58.878,3016659.0,3134030.0,3254101.0,3331158.0,3424653.0,3543012.0,3672839.0,3813323.0,12.7,14.3,16.6,17.3,18.0,16.9,16.4,15.4,46.4,54.1,33.4,36.4,35.0,45.6,37.1,30.1,35.23,40.3,28.12,28.89,29.12,34.46,28.17,23.94
COL,70.926,71.32,71.502,71.939,72.361,72.695,73.081,73.468,38585033.0,39215135.0,39837875.0,40454050.0,41057687.0,41648268.0,42220940.0,42772910.0,7.0,6.9,8.2,6.9,6.4,4.9,5.8,5.2,61.3,66.9,32.6,33.6,44.6,35.6,37.0,36.8,26.28,25.69,18.69,17.21,20.5,18.47,18.25,17.57
COM,58.781,58.757,59.163,59.056,59.258,59.48,59.604,59.875,526443.0,536758.0,547741.0,559047.0,570130.0,581154.0,592683.0,604658.0,2.9,3.6,4.0,3.7,3.8,3.5,3.6,3.3,2.9,3.6,4.0,3.7,3.8,3.5,3.6,3.3,2.9,3.6,4.0,3.7,3.8,3.5,3.6,3.3
CPV,67.569,68.618,69.929,70.705,71.429,71.999,72.68,72.239,449627.0,458251.0,465958.0,473231.0,480089.0,486583.0,492827.0,498884.0,37.3,42.3,29.0,32.2,26.8,29.0,29.9,24.1,37.3,42.3,29.0,32.2,26.8,29.0,29.9,24.1,37.3,42.3,29.0,32.2,26.8,29.0,29.9,24.1
CRI,77.138,77.586,77.545,77.983,78.072,78.331,78.505,78.514,3901430.0,3979193.0,4053222.0,4122623.0,4188610.0,4252800.0,4315887.0,4378172.0,5.5,6.0,5.7,5.3,5.7,4.9,5.7,5.5,7.9,8.3,8.3,7.0,7.5,6.7,8.6,7.7,6.61,7.04,6.99,6.21,6.55,5.7,7.22,6.5
CUB,75.893,76.183,76.421,76.612,76.773,76.912,77.047,77.179,11070094.0,11105791.0,11139127.0,11170051.0,11199217.0,11225294.0,11246114.0,11260630.0,6.9,8.1,8.5,7.7,7.0,6.0,5.9,6.8,10.0,12.2,10.6,9.7,10.3,9.5,9.9,9.9,8.02,9.49,9.6,8.66,8.45,7.29,7.2,7.91
CYP,76.295,76.568,76.989,77.487,77.788,77.944,78.101,78.371,931600.0,948237.0,964830.0,982194.0,1000350.0,1018684.0,1037062.0,1055438.0,12.0,12.6,13.1,12.4,12.8,12.5,11.9,14.6,12.4,12.7,13.8,13.1,13.1,12.6,12.3,15.2,12.2,12.65,13.45,12.75,12.95,12.55,12.1,14.9
CZE,74.6682926829268,74.9682926829268,75.1731707317073,75.2219512195122,75.1707317073171,75.7219512195122,75.9243902439025,76.5243902439024,10283860.0,10255063.0,10216605.0,10196916.0,10193998.0,10197101.0,10211216.0,10238905.0,18.6,18.2,18.6,17.5,16.0,13.4,15.2,16.4,36.5,30.2,30.6,33.0,30.4,25.2,32.4,31.1,24.21,22.83,22.47,23.51,20.6,17.54,21.57,20.75
DEU,77.7268292682927,77.9268292682927,78.3292682926829,78.2292682926829,78.3804878048781,78.6804878048781,78.9317073170732,79.1317073170732,82100243.0,82211508.0,82349925.0,82488495.0,82534176.0,82516260.0,82469422.0,82376451.0,16.8,15.8,12.5,14.4,15.4,11.8,11.8,14.0,24.3,23.9,22.9,25.7,23.0,19.6,21.8,21.0,20.08,18.58,17.13,18.97,18.12,15.14,15.18,16.51
DJI,56.427,56.573,56.903,57.215,57.595,57.759,58.316,58.715,719371.0,742033.0,765490.0,789129.0,806411.0,818373.0,830861.0,846947.0,21.8,24.0,23.9,23.4,21.3,20.6,20.7,20.3,27.1,31.2,28.4,27.5,24.2,23.7,25.9,24.4,25.22,27.32,25.73,25.55,23.12,22.52,23.27,22.72
DNK,76.3414634146341,76.5926829268293,76.7926829268293,76.8951219512195,77.1439024390244,77.4926829268293,77.8439024390244,78.0951219512195,5321799.0,5339616.0,5358783.0,5375931.0,5390574.0,5404523.0,5419432.0,5437272.0,14.5,14.1,8.8,11.7,13.4,9.6,10.8,11.7,19.4,19.3,14.8,18.3,18.7,14.6,15.5,17.6,16.94,16.47,11.7,14.91,16.06,11.89,12.85,14.44
DOM,69.279,69.423,69.642,69.923,70.265,70.331,70.875,71.165,8411374.0,8540791.0,8669040.0,8795101.0,8919852.0,9043127.0,9164768.0,9284168.0,6.0,7.6,6.3,6.2,5.5,4.8,5.9,5.9,12.6,13.5,11.9,10.3,12.1,9.3,11.3,11.4,9.21,10.54,8.96,8.32,8.86,7.0,9.12,8.74
DZA,70.032,70.478,70.823,71.23,71.287,71.762,72.061,72.334,30346083.0,30774621.0,31200985.0,31624696.0,32055883.0,32510186.0,32956690.0,33435080.0,16.8,14.9,13.8,11.8,13.7,13.2,13.6,12.6,64.7,74.6,71.5,75.2,68.1,68.2,71.7,68.6,43.51,43.78,42.09,46.81,40.1,41.12,44.68,41.33
ECU,72.463,72.839,73.24,73.613,73.975,74.279,74.514,74.689,12412046.0,12626507.0,12845521.0,13070609.0,13301184.0,13534593.0,13770012.0,14009061.0,3.0,3.0,3.3,3.2,2.9,3.0,3.3,3.1,23.9,22.8,20.4,19.1,18.8,26.0,24.6,18.0,12.21,11.81,11.36,11.78,11.44,13.86,13.48,11.52
EGY,67.737,68.007,68.308,68.564,68.402,68.613,68.779,68.977,69907887.0,71371371.0,72854261.0,74393759.0,75963322.0,77522427.0,79075310.0,80629670.0,18.3,18.4,20.0,20.7,18.3,17.6,18.0,16.8,34.2,39.7,41.4,44.9,47.4,48.8,45.3,48.0,26.29,29.92,29.82,33.13,36.49,34.51,32.15,35.01
ERI,43.397,56.111,58.298,58.811,59.409,59.899,60.597,61.611,2356477.0,2392880.0,2461927.0,2547424.0,2653390.0,2763140.0,2831732.0,2880093.0,16.3,18.7,18.7,18.5,18.5,16.9,19.0,16.9,33.8,36.2,29.7,30.1,29.5,28.5,30.4,29.1,24.53,28.13,23.26,23.71,22.75,21.41,24.39,21.45
ESP,78.7170731707317,78.9658536585366,79.3682926829268,79.5682926829268,79.619512195122,79.8707317073171,80.1707317073171,80.8219512195122,40386875.0,40567864.0,40850412.0,41431558.0,42187645.0,42921895.0,43653155.0,44397319.0,7.0,9.0,7.7,9.2,6.5,8.5,8.4,6.7,19.0,19.7,15.7,16.2,15.3,15.5,13.8,16.0,11.7,12.32,11.91,11.86,10.92,10.93,10.06,10.63
EST,70.0634146341463,70.4170731707317,70.2585365853659,70.9048780487805,71.3170731707317,71.909756097561,72.5682926829268,72.6914634146341,1390244.0,1396985.0,1388115.0,1379350.0,1370720.0,1362550.0,1354775.0,1346810.0,10.4,8.6,7.4,8.8,8.0,6.8,8.4,10.3,14.7,11.2,11.1,13.1,11.5,9.3,11.4,14.1,12.25,9.71,8.83,10.46,9.29,7.93,9.82,11.72
ETH,49.425,50.538,51.043,51.517,52.533,53.235,54.008,55.149,65077579.0,67031867.0,69018932.0,71073215.0,73168838.0,75301026.0,77469940.0,79691050.0,6.6,7.0,8.5,9.3,6.2,5.8,5.1,5.8,29.0,34.0,28.9,30.1,28.0,27.7,30.3,29.1,13.99,15.55,17.28,16.96,14.97,14.36,15.09,15.23
FIN,77.2912195121951,77.4658536585366,77.9658536585366,78.119512195122,78.3682926829268,78.7146341463415,78.8170731707317,79.2146341463415,5165474.0,5176209.0,5188008.0,5200598.0,5213014.0,5228172.0,5246096.0,5266268.0,4.3,4.0,3.8,2.8,3.2,2.6,2.8,4.1,12.6,10.7,8.8,10.0,9.2,9.2,9.8,11.9,7.49,6.52,6.12,5.09,5.78,5.2,5.31,6.67
FJI,66.763,66.31,66.34,65.748,66.177,66.424,66.632,66.855,823422.0,832509.0,841320.0,849891.0,858306.0,866694.0,874923.0,883083.0,1.8,1.7,1.7,1.8,1.8,1.8,1.8,1.7,2.1,1.8,1.8,2.0,2.2,2.0,1.9,1.8,1.97,1.77,1.73,1.9,1.97,1.87,1.83,1.77
FRA,78.7560975609756,79.0560975609756,79.1585365853659,79.2609756097561,79.1146341463415,80.1634146341463,80.1634146341463,80.8121951219512,60504420.0,60921384.0,61367388.0,61816234.0,62256970.0,62716306.0,63188395.0,63628261.0,10.0,9.5,10.2,8.3,9.0,8.0,7.6,7.8,26.6,22.2,20.8,19.0,23.4,19.6,18.2,21.0,16.06,13.73,13.91,12.32,14.41,11.42,11.37,12.68
GAB,60.849,61.069,61.27,61.292,61.671,61.838,61.959,62.375,1240764.0,1272935.0,1306590.0,1341696.0,1378398.0,1417110.0,1458353.0,1502534.0,9.3,12.2,13.1,13.4,14.5,13.4,11.9,11.2,47.0,47.8,31.2,29.2,32.8,35.1,28.0,24.6,25.47,29.92,22.11,22.53,24.41,23.96,20.41,17.88
GBR,77.390243902439,77.7414634146342,77.9926829268293,78.1439024390244,78.4463414634146,78.7463414634146,79.0487804878049,79.2487804878049,58682466.0,58892514.0,59119673.0,59370479.0,59647577.0,59987905.0,60401206.0,60846820.0,4.7,3.9,4.3,5.0,6.3,4.1,4.1,4.7,21.4,21.7,16.2,16.7,22.4,16.4,16.7,16.4,13.32,12.79,10.4,11.24,15.31,9.93,10.29,9.97
GEO,69.319,69.575,69.606,70.024,70.333,70.567,71.13,71.394,4157192.0,4077131.0,4014373.0,3978515.0,3951736.0,3927340.0,3902469.0,3880347.0,9.1,9.4,9.2,8.8,8.4,8.2,9.0,8.8,23.6,22.4,22.0,21.3,21.9,22.0,21.6,22.2,12.55,12.01,11.91,11.03,11.15,11.12,11.41,11.63
GHA,58.03,58.195,58.107,58.608,59.111,59.191,59.76,59.988,19176791.0,19665502.0,20195577.0,20758326.0,21329514.0,21906444.0,22496951.0,23098586.0,46.6,63.8,37.9,52.7,43.8,65.4,53.9,48.3,70.9,91.9,71.5,71.6,61.5,86.1,73.4,64.7,57.75,80.57,53.61,61.8,52.99,75.63,62.55,55.57
GIN,52.356,52.479,52.662,53.278,53.678,54.117,54.632,55.108,8174897.0,8336967.0,8445717.0,8577790.0,8772254.0,8961039.0,9140114.0,9330625.0,40.1,41.5,34.0,35.3,32.5,42.2,35.3,30.4,53.9,58.7,44.7,48.4,49.1,61.9,49.7,45.9,46.3,49.17,38.01,40.48,39.69,49.97,43.6,39.27
GMB,56.816,56.942,57.043,57.08,57.586,58.088,58.394,59.06,1396499.0,1437539.0,1479449.0,1522223.0,1566257.0,1612225.0,1660368.0,1711294.0,46.9,50.5,40.7,48.7,46.7,47.1,44.8,43.0,51.9,56.0,44.2,52.3,54.2,51.3,46.0,44.5,49.17,53.5,42.17,50.4,49.83,49.27,45.33,43.6
GNB,48.006,50.121,50.445,50.986,51.405,52.15,52.249,53.371,1206474.0,1230849.0,1257380.0,1285678.0,1315653.0,1347009.0,1379713.0,1414091.0,40.9,45.5,36.8,40.1,39.2,44.2,39.8,36.3,47.8,50.1,40.1,44.8,46.0,49.2,45.2,41.5,44.87,48.31,38.04,42.54,42.22,46.12,41.81,38.46
GNQ,52.752,53.226,53.636,54.085,54.581,55.036,55.464,56.046,655029.0,684977.0,719270.0,754115.0,789681.0,826355.0,864726.0,905418.0,18.3,23.6,19.0,20.2,20.2,18.0,18.6,14.2,32.9,37.0,24.4,23.2,25.8,25.2,22.3,17.1,25.09,29.9,21.75,21.54,23.02,21.76,20.04,15.48
GRC,77.9878048780488,77.8878048780488,78.3878048780488,78.6414634146341,78.8414634146341,79.0390243902439,79.2390243902439,79.4390243902439,10761698.0,10805808.0,10862132.0,10902022.0,10928070.0,10955141.0,10987314.0,11020362.0,12.4,13.0,12.3,13.2,13.0,11.4,11.3,11.0,26.7,26.6,19.5,20.7,18.2,17.1,17.0,16.2,18.03,17.58,15.08,16.14,14.95,13.55,13.8,13.31
GRL,66.3590243902439,66.2224390243903,66.7092682926829,67.1963414634146,68.1148780487805,68.5926829268293,68.4273170731707,68.6665853658537,56100.0,56200.0,56350.0,56609.0,56765.0,56911.0,56935.0,56774.0,1.5,1.4,1.3,1.5,1.6,1.5,1.4,1.3,2.1,2.1,2.1,2.5,2.4,2.2,2.2,1.9,1.76,1.68,1.64,1.78,1.86,1.75,1.64,1.55
GTM,66.869,67.446,67.946,68.386,68.797,69.165,69.168,69.812,11311078.0,11589761.0,11871565.0,12147518.0,12415334.0,12682108.0,12948292.0,13213330.0,11.3,14.7,11.4,11.1,12.5,8.0,11.6,10.1,25.4,69.5,20.6,18.5,23.5,15.7,18.2,17.9,15.95,26.4,15.21,14.4,18.02,10.17,14.83,13.45
GUY,64.17,64.483,64.788,64.728,64.6,64.93,65.132,65.667,758014.0,759051.0,759809.0,760323.0,760562.0,760424.0,759709.0,758367.0,7.4,7.3,9.2,9.0,6.4,5.1,5.1,5.3,26.3,27.4,14.7,12.3,13.2,11.6,12.5,14.8,12.63,12.54,12.7,10.77,9.39,7.94,7.97,8.47
HND,68.422,68.662,69.006,69.366,69.507,69.796,70.104,70.261,6477365.0,6656725.0,6837861.0,7019908.0,7201881.0,7383407.0,7564613.0,7745200.0,7.4,8.7,8.3,7.5,8.8,6.3,9.4,6.4,17.2,18.9,14.7,15.1,16.9,11.2,16.0,14.7,11.67,13.7,11.86,11.34,12.79,7.97,12.57,9.12
HRV,72.6419512195122,72.8078048780488,74.5129268292683,74.7173170731707,74.6139024390244,75.520243902439,75.2446341463415,75.8368292682927,4512597.0,4468302.0,4299642.0,4302174.0,4303399.0,4304600.0,4310145.0,4311159.0,17.6,17.6,13.9,15.6,14.3,13.0,14.1,13.8,30.3,27.7,24.2,24.5,23.8,20.8,24.9,22.5,22.9,20.89,17.43,20.76,19.27,16.48,19.26,18.67
HTI,57.961,58.365,58.489,58.855,59.507,58.475,60.415,60.763,8208941.0,8360225.0,8511728.0,8661546.0,8812245.0,8961489.0,9111900.0,9266288.0,7.5,9.0,8.0,7.4,7.8,6.3,7.0,7.5,10.9,12.3,10.2,9.0,11.0,7.7,10.5,9.8,9.21,10.77,9.02,8.29,9.4,7.11,8.95,8.85
HUN,70.6770731707317,71.2463414634146,72.2487804878049,72.3487804878049,72.3,72.6487804878049,72.6487804878049,73.0975609756098,10237530.0,10210971.0,10187576.0,10158608.0,10129552.0,10107146.0,10087065.0,10071370.0,21.1,19.8,18.7,20.4,20.3,16.4,19.7,18.5,28.9,26.8,23.2,26.0,24.0,20.2,22.7,23.6,26.3,23.56,20.88,23.5,21.94,17.84,21.38,21.23
IDN,66.221,66.433,66.758,67.134,67.413,65.75,67.649,67.914,210996910.0,214072421.0,217112437.0,220115092.0,223080121.0,225938595.0,228805144.0,231797427.0,1.9,2.5,2.4,3.7,2.9,3.3,2.4,2.6,88.5,89.0,88.1,209.6,62.0,68.2,66.2,74.5,16.97,13.1,13.3,24.59,13.35,18.77,13.61,24.79
IND,62.207,62.669,63.091,63.616,64.094,64.524,64.996,65.412,1040500054.0,1059633675.0,1078970907.0,1098313039.0,1117415123.0,1136264583.0,1154638713.0,1172373788.0,7.1,6.5,9.7,12.4,8.8,9.3,11.0,10.6,111.6,117.3,99.1,115.8,121.7,122.7,105.5,96.7,40.93,43.79,46.62,48.86,47.13,48.2,43.43,43.66
IRL,76.0829268292683,76.5365853658537,77.1341463414634,77.6341463414634,78.1390243902439,78.5390243902439,78.9439024390244,79.2414634146342,3754786.0,3805174.0,3866243.0,3931947.0,3996521.0,4070262.0,4159914.0,4273591.0,5.5,5.1,5.4,5.7,7.1,4.2,4.5,4.9,9.4,9.5,8.1,8.5,12.6,6.7,8.5,7.6,7.56,7.52,6.82,7.03,10.35,5.41,6.52,6.62
IRN,69.297,69.691,69.955,70.445,69.823,71.37,71.838,72.276,64474745.0,65544383.0,66674851.0,67327117.0,67954699.0,69061674.0,70182594.0,71275760.0,12.5,13.1,13.5,13.6,14.7,13.8,13.7,14.9,56.8,51.3,68.7,69.4,81.9,82.1,66.8,73.6,35.77,31.18,29.87,30.34,33.83,30.91,28.4,30.28
IRQ,66.182,66.817,67.034,67.084,65.643,65.031,64.844,63.587,23820734.0,24628858.0,25425663.0,26255343.0,27068823.0,27858948.0,28698684.0,28905607.0,10.2,12.0,14.4,14.0,13.7,12.9,12.3,13.3,49.0,64.9,42.2,48.2,52.5,39.4,51.1,46.1,22.39,27.22,22.8,24.66,26.71,23.88,27.55,27.53
ISL,79.3512195121951,79.6536585365854,80.690243902439,80.5024390243903,80.9634146341464,80.9975609756098,81.5024390243902,81.1585365853659,277381.0,281205.0,284968.0,287523.0,289521.0,292074.0,296734.0,303782.0,2.9,2.7,2.5,3.1,3.0,3.1,2.5,2.5,3.4,3.5,3.6,4.1,4.0,4.0,3.1,3.0,3.17,3.07,3.04,3.63,3.58,3.57,2.81,2.81
ISR,78.6585365853659,78.9536585365854,79.4073170731707,79.4512195121951,79.6487804878049,80.1463414634146,80.1512195121951,80.5536585365854,6125000.0,6289000.0,6439000.0,6570000.0,6689700.0,6809000.0,6930100.0,7053700.0,13.8,15.2,17.5,17.3,18.2,17.8,16.4,17.5,19.6,21.2,22.0,23.3,27.1,25.4,24.0,26.0,17.38,18.8,20.06,21.1,23.22,21.64,20.69,22.52
ITA,79.4243902439024,79.7780487804878,80.1268292682927,80.2292682926829,79.9829268292683,80.7804878048781,80.7829268292683,81.2829268292683,56916317.0,56942108.0,56974100.0,57059007.0,57313203.0,57685327.0,57969484.0,58143979.0,12.9,11.7,10.4,10.6,11.9,11.3,8.9,9.6,45.3,43.2,27.1,31.3,30.9,29.2,28.0,28.6,23.97,21.94,17.16,19.14,18.97,17.16,16.39,16.23
JAM,70.968,70.944,70.758,70.888,70.806,70.86,71.044,71.199,2596271.0,2612205.0,2625405.0,2638244.0,2651027.0,2664024.0,2676863.0,2689660.0,9.3,10.2,9.7,9.1,11.0,8.9,10.3,10.7,9.8,11.2,10.1,9.8,12.5,9.6,10.8,12.1,9.53,10.7,9.87,9.47,11.83,9.27,10.6,11.5
JOR,71.694,71.918,72.147,72.359,72.573,72.772,72.932,73.145,4950775.0,5056174.0,5163310.0,5275532.0,5396117.0,5532423.0,5678534.0,6075548.0,10.9,12.7,17.4,18.9,22.2,18.6,19.2,19.3,17.4,19.1,21.5,23.2,30.2,28.7,29.2,27.7,13.77,15.35,19.31,21.27,26.61,24.25,24.84,24.4
JPN,80.5707317073171,81.0760975609756,81.4170731707317,81.5634146341463,81.76,82.030243902439,81.9251219512195,82.3219512195122,126631000.0,126843000.0,127149000.0,127445000.0,127718000.0,127761000.0,127773000.0,127854000.0,6.0,6.1,6.2,6.0,7.5,5.4,5.0,6.1,25.2,28.9,29.7,26.9,26.8,23.8,24.9,28.3,11.19,15.2,14.11,12.52,13.61,11.04,12.07,12.87
KAZ,65.63,65.45,65.76,65.95,65.74,66.06,65.86,66.15,14928374.0,14883626.0,14858335.0,14858948.0,14909019.0,15012984.0,15147029.0,15308085.0,7.4,7.2,7.9,7.5,5.3,6.2,5.2,5.8,80.4,73.5,65.1,38.0,33.2,32.4,32.7,39.4,16.04,14.74,15.71,14.38,12.66,12.82,12.29,13.8
KEN,54.495,54.411,54.508,54.99,55.601,56.361,57.344,58.222,29965129.0,30851606.0,31800343.0,32779823.0,33767122.0,34791836.0,35843010.0,36925253.0,5.0,5.8,6.0,6.2,5.6,4.9,5.2,5.3,15.0,17.2,16.5,14.0,13.2,11.8,12.3,13.0,8.15,9.17,10.37,9.91,8.15,7.57,7.37,7.56
KGZ,68.6560975609756,68.5585365853659,68.7073170731707,68.1560975609756,68.2560975609756,68.1536585365854,67.9560975609756,67.6951219512195,4840400.0,4898400.0,4945100.0,4990700.0,5043300.0,5104700.0,5162600.0,5218400.0,13.0,16.0,13.8,14.9,11.5,16.5,13.0,18.8,47.9,50.8,41.2,51.4,46.5,51.1,47.3,68.9,21.3,25.35,22.81,28.62,21.92,25.67,21.31,31.33
KHM,57.69,58.625,59.966,61.226,62.523,63.552,64.293,65.059,11899006.0,12118841.0,12338192.0,12561779.0,12787710.0,13016371.0,13246583.0,13477779.0,9.3,10.1,9.3,10.9,9.8,13.0,12.2,11.4,14.9,17.8,19.1,18.5,15.3,19.4,20.2,17.3,11.71,13.69,13.58,15.03,12.72,16.57,16.03,14.39
KOR,75.409756097561,75.909756097561,76.4121951219512,76.7658536585366,77.2146341463415,77.6658536585366,78.1682926829268,78.6682926829268,46616677.0,47008111.0,47370164.0,47644736.0,47892330.0,48082519.0,48184561.0,48438292.0,16.3,19.3,19.5,19.3,20.1,17.7,18.1,21.0,26.6,30.8,29.2,28.1,30.7,25.9,28.4,29.2,21.05,24.42,25.24,24.12,25.59,21.49,22.76,25.16
KWT,76.416,76.722,76.891,76.982,76.985,76.792,76.903,76.887,1877427.0,1934901.0,1991674.0,2047364.0,2101506.0,2153481.0,2235403.0,2363409.0,47.2,52.4,41.2,41.3,49.3,38.1,48.9,42.4,54.8,66.8,49.0,49.0,54.7,43.8,57.8,47.1,50.11,57.6,44.91,44.93,51.81,41.44,53.01,45.2
LAO,57.873,58.378,59.07,59.534,60.031,60.293,60.98,61.493,5340056.0,5430853.0,5519707.0,5606101.0,5689065.0,5768167.0,5852970.0,5946593.0,10.7,14.6,11.0,12.5,11.4,14.9,16.4,13.3,31.2,29.3,27.8,32.4,22.7,32.4,27.1,28.3,21.42,22.53,21.65,24.05,18.59,24.49,23.45,21.77
LBN,73.49,73.931,74.365,75.064,75.593,75.976,76.273,76.08,4250020.0,4320642.0,4389200.0,4446666.0,4504807.0,4574797.0,4643044.0,4719864.0,13.7,14.7,16.3,17.0,16.8,16.4,15.5,17.1,14.6,15.7,16.7,17.4,19.7,17.8,16.8,18.4,14.07,15.13,16.5,17.27,18.57,16.97,16.2,17.9
LBR,49.953,51.356,52.752,53.788,53.042,56.013,56.912,57.62,2789743.0,2895224.0,2981648.0,3060599.0,3085173.0,3122447.0,3266318.0,3455397.0,38.7,43.4,30.0,33.5,31.3,50.2,40.9,33.2,56.1,57.7,37.7,47.5,38.6,72.6,57.1,42.3,47.5,49.68,34.04,40.6,33.74,61.53,49.12,37.53
LBY,71.058,70.68,70.861,71.004,71.132,71.49,71.592,71.724,5057998.0,5154790.0,5275916.0,5405326.0,5542641.0,5687563.0,5837986.0,5973369.0,14.0,15.0,13.2,14.4,20.1,18.9,19.3,15.2,40.7,43.5,48.4,51.6,53.8,54.7,56.1,58.2,30.49,31.97,33.9,37.19,38.97,39.22,39.26,40.03
LKA,72.618,70.355,70.787,71.117,71.373,67.091,72.118,71.969,18663293.0,18777606.0,18911727.0,19062476.0,19224036.0,19387153.0,19544988.0,19695977.0,11.7,14.3,15.5,12.8,13.4,14.3,14.6,13.7,21.3,24.8,25.0,18.7,20.1,22.9,21.7,20.3,15.93,18.51,19.37,15.42,16.8,17.89,18.23,16.84
LSO,50.081,48.427,46.849,45.595,44.53,43.711,43.233,42.914,1994243.0,1998630.0,1999473.0,1997534.0,1993030.0,1985384.0,1977424.0,1976780.0,8.2,7.8,8.1,8.0,7.0,6.0,6.0,6.9,10.9,10.8,10.7,10.4,9.2,8.4,8.6,9.5,9.7,9.39,9.38,9.16,7.96,6.97,7.13,8.01
LTU,71.5707317073171,72.0195121951219,71.6585365853659,71.7609756097561,72.0609756097561,71.9609756097561,71.2536585365854,71.0560975609756,3524238.0,3499536.0,3470818.0,3443067.0,3415213.0,3377075.0,3322528.0,3269909.0,17.6,13.6,10.3,14.8,13.8,9.8,13.2,16.5,21.5,19.2,17.4,21.2,19.5,14.9,18.5,21.9,19.53,16.09,13.66,17.48,16.23,12.05,15.57,18.65
LUX,77.7707317073171,77.8731707317073,77.8243902439025,77.9658536585366,77.7268292682927,79.1219512195122,79.4317073170732,79.2878048780488,430475.0,436300.0,441525.0,446175.0,451630.0,458095.0,465158.0,472637.0,19.0,16.1,16.1,14.6,16.7,14.5,13.9,15.3,19.0,16.1,16.1,14.6,16.7,14.5,13.9,15.3,19.0,16.1,16.1,14.6,16.7,14.5,13.9,15.3
LVA,69.7429268292683,70.3146341463415,70.7609756097561,70.9609756097561,71.2658536585366,72.0268292682927,71.3560975609756,70.8658536585366,2390482.0,2367550.0,2337170.0,2310173.0,2287955.0,2263122.0,2238799.0,2218357.0,13.6,10.9,9.0,12.2,10.8,8.3,11.3,13.1,20.1,14.8,13.0,18.2,15.4,12.5,14.2,17.9,16.76,12.84,11.08,14.5,13.19,10.25,12.63,15.67
MAR,66.406,66.787,67.18,67.547,67.915,68.231,68.704,69.128,28176997.0,28554415.0,28930097.0,29301817.0,29661270.0,30033125.0,30431902.0,30833022.0,9.9,11.1,11.8,11.4,11.0,13.5,12.4,12.3,34.7,35.4,35.1,36.7,32.4,37.0,37.5,36.6,20.85,22.41,20.48,20.4,19.53,19.95,20.75,20.71
MDA,65.561,66.417,66.787,66.938,67.419,67.861,68.169,68.479,2930622.0,2924668.0,2918135.0,2911385.0,2903198.0,2896023.0,2888985.0,2880967.0,18.4,15.6,16.0,17.9,13.4,12.8,15.1,15.4,20.5,17.8,18.3,22.7,16.2,15.0,16.6,17.9,19.56,16.89,17.07,20.29,14.82,14.06,15.84,16.81
MDG,57.372,57.938,58.57,58.892,59.491,60.149,60.57,61.315,15730885.0,16216431.0,16709665.0,17211934.0,17724310.0,18250774.0,18792171.0,19350299.0,2.1,2.4,2.9,2.2,2.6,2.3,2.7,2.4,4.2,4.6,9.2,5.2,5.3,4.5,5.5,5.5,3.08,3.36,5.53,3.72,3.7,3.14,3.89,3.55
MEX,73.225,73.569,73.867,74.106,74.274,74.372,74.376,74.331,96334810.0,97873442.0,99394288.0,100917081.0,102429341.0,103945813.0,105442402.0,106886790.0,5.6,5.8,5.4,5.9,4.0,3.5,3.9,3.9,57.2,70.3,23.3,23.1,29.5,21.5,24.4,21.6,13.66,15.91,10.65,10.59,9.8,7.81,9.22,8.14
MKD,72.790243902439,72.9463414634147,73.4365853658537,73.0390243902439,73.2414634146342,73.5975609756098,73.6975609756098,73.8951219512195,2017142.0,2026350.0,2034882.0,2020157.0,2026773.0,2032544.0,2036855.0,2040228.0,21.6,21.4,15.9,16.8,15.5,14.7,14.2,13.8,26.7,27.2,20.5,21.0,19.0,18.8,18.8,17.4,23.67,23.91,18.23,18.53,16.91,16.55,16.54,15.4
MLI,49.797,50.539,51.284,52.222,52.893,53.538,54.003,54.615,10916993.0,11239101.0,11583824.0,11952660.0,12342165.0,12751995.0,13180551.0,13623541.0,45.4,49.5,41.2,44.7,42.9,50.9,47.1,42.0,75.6,80.2,73.3,81.0,77.0,80.2,76.9,77.1,61.44,65.52,57.62,62.55,59.39,63.56,61.33,57.0
MMR,59.881,60.155,60.416,60.725,60.98,61.25,61.599,61.893,45041636.0,45538332.0,46014826.0,46480230.0,46924293.0,47338446.0,47724471.0,48088274.0,9.8,9.7,8.0,8.8,8.4,8.2,10.3,11.5,36.4,35.9,26.5,26.2,25.4,30.2,25.6,26.9,16.93,16.47,16.64,17.36,15.76,18.79,18.45,18.26
MNE,72.640756097561,73.8184878048781,74.0694146341464,73.9064878048781,73.9317317073171,74.5639512195122,73.9829268292683,73.8390243902439,606001.0,604950.0,607389.0,609828.0,612267.0,613353.0,614261.0,615025.0,18.0,18.7,14.9,15.5,15.7,15.0,13.7,14.0,20.5,20.6,17.2,18.3,17.7,16.6,15.6,15.7,19.43,19.62,16.35,16.58,16.37,15.83,14.58,14.82
MNG,62.529,62.882,63.279,63.518,64.208,64.796,64.879,65.513,2428488.0,2450979.0,2472601.0,2494617.0,2516454.0,2537949.0,2559255.0,2581242.0,5.1,5.6,5.8,7.0,4.8,3.9,3.5,3.5,55.3,52.5,35.1,47.0,41.5,38.1,33.7,45.2,13.83,13.12,10.37,13.76,13.76,9.88,9.41,10.67
MOZ,48.812,49.491,50.065,50.59,50.87,51.249,51.561,51.961,17337893.0,17768505.0,18220716.0,18694946.0,19186754.0,19694411.0,20211114.0,20735982.0,4.0,4.6,6.0,4.5,4.2,4.2,4.6,4.0,14.1,14.3,17.1,14.6,12.8,11.1,13.0,11.7,8.99,8.98,11.03,8.82,7.6,7.49,8.16,7.54
MRT,60.819,61.028,61.185,61.268,61.347,61.593,61.656,61.891,2620611.0,2695003.0,2761823.0,2821703.0,2883326.0,2946575.0,3012360.0,3081229.0,42.2,41.8,35.7,41.7,44.4,35.9,40.0,33.6,74.0,81.1,69.1,77.2,75.6,74.7,75.2,75.0,63.09,66.63,57.55,61.66,62.74,58.7,61.82,55.47
MWI,43.568,44.518,45.895,47.221,48.79,50.453,52.044,53.238,10973956.0,11229387.0,11498818.0,11784498.0,12087965.0,12411342.0,12755648.0,13118307.0,8.0,7.9,12.3,9.8,8.1,8.3,8.9,8.0,12.5,11.5,15.1,12.4,11.4,11.6,12.2,11.8,9.4,9.78,13.27,10.84,9.54,9.54,9.89,9.13
MYS,72.283,72.775,73.344,73.563,73.796,73.898,74.096,74.164,22368655.0,22945150.0,23542517.0,24142445.0,24739411.0,25333247.0,25923536.0,26509413.0,4.3,4.3,4.1,8.2,5.3,9.5,5.2,7.8,69.6,69.9,64.7,52.8,36.3,34.8,43.9,65.6,17.66,16.48,15.84,19.6,15.57,19.08,17.57,26.51
NAM,53.036,51.99,51.26,51.254,51.083,51.246,51.787,52.655,1778277.0,1819141.0,1856402.0,1888525.0,1915425.0,1939406.0,1962865.0,1986558.0,5.7,4.9,5.2,5.8,5.0,5.0,4.1,4.8,13.0,14.6,14.8,13.1,12.6,11.9,12.6,10.4,8.03,7.66,8.92,8.85,8.19,7.19,7.37,7.0
NCL,73.8756097560976,75.1634146341463,74.8317073170732,75.1024390243903,75.2707317073171,75.4707317073171,75.7219512195122,76.0756097560976,209214.0,213230.0,217324.0,221490.0,225296.0,228750.0,232250.0,235750.0,2.4,2.6,2.7,2.4,2.4,2.2,2.1,2.2,3.3,3.4,3.4,3.0,3.3,3.0,2.8,2.9,2.86,3.0,3.04,2.72,2.82,2.58,2.48,2.54
NER,48.738,49.322,49.841,50.562,51.434,52.589,53.59,54.596,11231469.0,11622665.0,12031430.0,12456517.0,12900790.0,13366885.0,13855221.0,14365168.0,36.2,36.1,36.6,39.4,35.3,33.2,41.7,37.9,100.5,124.0,106.6,116.3,107.8,124.0,114.9,122.1,66.09,73.68,64.97,69.44,65.2,71.11,70.22,67.36
NGA,46.614,47.193,47.619,47.928,48.441,48.767,49.297,49.73,119695565.0,122851984.0,126152678.0,129583026.0,133119801.0,136756848.0,140490722.0,144329764.0,45.0,47.2,43.6,41.2,43.6,43.1,46.8,46.0,88.2,119.0,90.4,95.5,83.6,101.1,100.8,86.8,64.79,84.58,69.48,71.43,64.12,74.53,75.56,68.31
NIC,67.12,67.234,67.215,67.18,67.217,67.423,67.936,68.725,5049878.0,5123222.0,5192764.0,5259006.0,5323062.0,5386223.0,5454678.0,5529811.0,6.6,7.2,7.8,6.7,6.8,5.9,6.8,6.0,13.1,13.7,14.5,12.7,13.9,8.1,15.9,9.2,8.52,8.99,10.33,8.7,8.83,6.59,10.32,6.78
NLD,77.8365853658537,77.9878048780488,78.190243902439,78.2926829268293,78.4926829268293,79.0951219512195,79.3463414634146,79.6975609756098,15812088.0,15925513.0,16046180.0,16148929.0,16225302.0,16281779.0,16319868.0,16346101.0,15.8,17.1,14.5,16.8,18.6,16.3,14.0,15.2,21.5,24.3,20.4,21.1,24.5,22.4,19.9,22.4,18.98,20.36,17.48,19.17,20.63,18.56,16.32,17.86
NOR,78.2829268292683,78.6341463414634,78.7853658536585,78.9878048780488,79.390243902439,79.8414634146342,80.0414634146342,80.3439024390244,4461913.0,4490967.0,4513751.0,4538159.0,4564855.0,4591910.0,4623291.0,4660677.0,3.7,3.5,3.2,2.9,3.0,2.6,2.5,3.5,14.4,12.8,9.1,8.9,9.9,7.4,6.5,10.7,6.39,6.36,5.11,5.36,5.34,4.41,3.82,5.44
NPL,62.113,62.614,63.336,63.264,64.197,64.818,65.457,65.868,24143157.0,24559500.0,24956071.0,25332178.0,25682908.0,26003965.0,26285110.0,26518971.0,5.5,6.1,8.7,11.5,11.3,12.5,9.9,8.0,56.2,60.2,79.3,75.7,64.7,63.3,62.8,67.2,26.89,28.28,35.72,39.49,35.6,37.07,31.55,32.93
NZL,77.890243902439,78.6365853658537,78.6926829268293,78.8463414634146,79.1463414634146,79.5487804878049,79.8512195121951,80.0487804878049,3835100.0,3857700.0,3880500.0,3948500.0,4027200.0,4087500.0,4133900.0,4184600.0,2.1,2.1,2.2,2.0,1.7,1.8,1.6,1.7,3.7,3.6,3.8,3.3,3.1,2.9,3.0,3.0,2.63,2.67,2.64,2.34,2.13,2.08,2.06,2.13
OMN,73.184,73.466,73.808,73.869,74.14,74.329,74.396,74.48,2312600.0,2344253.0,2374653.0,2403659.0,2431600.0,2468855.0,2515192.0,2560649.0,29.6,41.0,33.9,35.1,40.6,38.6,38.3,36.8,55.3,65.3,58.6,61.6,64.8,61.0,61.5,63.5,41.23,50.53,45.86,46.96,51.65,47.57,47.95,48.26
PAK,61.679,62.102,62.421,62.626,62.843,63.052,62.466,63.731,149694462.0,154369924.0,159217727.0,163262807.0,166876680.0,170648620.0,174372098.0,178069984.0,20.1,21.0,10.2,11.7,18.4,18.8,16.6,20.2,73.5,84.7,87.1,94.1,90.8,94.1,65.5,72.3,47.73,50.49,60.89,62.2,56.59,59.92,43.65,46.58
PAN,73.622,74.001,74.414,74.824,75.218,75.544,75.829,76.012,2943120.0,3001731.0,3061024.0,3120990.0,3181608.0,3243311.0,3305868.0,3368573.0,5.4,5.8,5.8,5.1,5.5,4.6,5.6,5.3,24.1,29.4,15.7,13.3,22.7,18.4,23.1,23.8,12.24,14.36,10.18,8.59,12.4,10.47,12.32,12.46
PER,69.743,70.424,71.041,71.661,72.217,72.668,72.986,73.172,26252239.0,26654439.0,27014909.0,27334503.0,27623341.0,27893911.0,28147267.0,28381078.0,3.4,3.3,2.6,2.8,2.7,2.6,2.9,2.5,25.1,23.1,23.9,23.7,22.3,25.2,23.3,22.5,11.62,10.61,11.07,11.5,11.32,12.33,13.09,10.37
PHL,69.298,69.413,69.614,69.781,69.924,70.037,70.24,70.282,76249064.0,77958223.0,79626086.0,81285572.0,82942837.0,84607501.0,86261250.0,87901835.0,3.2,3.5,3.5,4.3,4.6,6.0,3.9,4.8,40.7,39.5,17.1,16.8,25.0,26.5,31.0,29.5,9.86,10.21,8.11,9.5,9.0,10.85,9.3,10.43
PNG,61.672,61.72,61.773,61.698,61.797,61.761,61.801,61.917,5321388.0,5508297.0,5698489.0,5892596.0,6090980.0,6293166.0,6498818.0,6708217.0,2.3,2.5,2.6,2.4,2.6,2.6,2.4,2.9,11.2,20.3,9.5,10.2,11.5,11.9,9.0,10.5,4.89,5.71,4.49,4.95,4.94,5.46,4.44,5.24
POL,73.0439024390244,73.7487804878049,74.2,74.4975609756098,74.5975609756098,74.8463414634146,74.9951219512195,75.1439024390244,38660271.0,38258629.0,38248076.0,38230364.0,38204570.0,38182222.0,38165445.0,38141267.0,18.4,18.4,13.7,18.6,16.5,12.7,14.6,17.8,38.9,35.6,35.4,40.2,33.5,28.3,35.4,34.6,26.65,26.55,22.59,28.23,24.33,20.58,23.86,26.05
PRI,75.536,75.977,76.456,76.728,76.874,77.143,77.237,77.415,3800081.0,3810605.0,3818774.0,3823701.0,3826095.0,3826878.0,3821362.0,3805214.0,4.8,6.2,5.1,5.4,4.3,4.1,4.4,4.4,5.4,6.8,5.4,5.6,4.8,4.2,5.0,4.9,5.07,6.5,5.27,5.47,4.5,4.13,4.7,4.63
PRK,60.798,60.763,60.745,60.792,69.546,69.437,69.285,69.085,23204498.0,23367059.0,23512522.0,23638411.0,23781707.0,23948930.0,24100982.0,24235761.0,14.0,14.9,14.4,13.8,15.3,13.9,14.6,16.1,20.3,25.8,30.6,25.3,29.5,31.1,26.9,33.3,16.53,18.73,21.17,18.99,22.48,20.35,19.14,23.09
PRT,75.9634146341463,76.3146341463415,76.8146341463415,77.0658536585366,77.219512195122,77.6707317073171,78.0707317073171,78.419512195122,10217828.0,10289898.0,10362722.0,10419631.0,10458821.0,10483861.0,10503330.0,10522288.0,8.8,9.7,9.9,9.2,9.1,8.5,7.9,9.4,12.7,13.9,12.8,12.6,13.9,11.5,11.6,12.7,10.73,11.28,11.17,10.71,11.65,9.94,9.52,10.82
PRY,69.634,69.75,69.9,70.025,70.297,70.481,70.527,70.781,5026031.0,5123819.0,5211541.0,5286512.0,5353254.0,5416324.0,5476878.0,5534675.0,7.3,4.4,6.6,7.3,7.3,6.8,6.2,5.9,17.2,11.6,10.4,15.6,12.0,14.6,13.9,11.5,12.79,8.56,8.37,12.05,9.76,9.99,10.06,8.51
PSE,70.855,70.388,69.887,70.969,71.053,71.182,72.067,71.915,2848431.0,2922153.0,2997784.0,3075373.0,3154969.0,3236626.0,3320396.0,3406334.0,14.8,17.9,18.7,19.1,18.5,18.1,16.5,17.6,17.8,19.9,19.7,22.1,24.3,21.6,21.8,23.7,16.3,18.9,19.2,20.6,21.4,19.85,19.15,20.65
QAT,74.8,74.828,75.263,75.412,75.565,75.961,76.064,76.57,613302.0,645937.0,678831.0,713186.0,748525.0,777943.0,848710.0,1015060.0,41.4,46.7,38.2,39.9,53.1,44.7,48.2,47.8,42.7,48.1,41.3,41.8,56.6,50.8,53.2,53.2,41.97,47.2,39.87,40.8,54.8,48.73,51.27,50.97
ROU,70.5121951219512,71.1634146341463,71.1609756097561,71.009756097561,71.309756097561,71.5609756097561,71.9121951219512,72.1634146341463,22472040.0,22442971.0,22131970.0,21730496.0,21574326.0,21451748.0,21319685.0,21193760.0,18.4,16.4,16.6,17.3,13.9,12.6,14.6,14.5,32.2,29.7,24.9,28.7,26.9,23.8,25.2,24.5,24.15,21.82,19.69,21.6,19.33,17.16,18.76,18.59
RUS,65.9821951219512,65.4836585365854,65.3834146341463,65.1287804878049,65.0275609756098,65.4709756097561,65.529756097561,66.7275609756098,147214776.0,146596869.0,145976482.0,145306497.0,144648618.0,144067316.0,143518814.0,143049637.0,1.8,2.0,2.2,2.4,3.0,1.6,1.8,2.0,26.0,34.5,22.2,38.5,72.0,20.7,21.2,24.0,9.0,9.13,8.42,9.52,10.83,7.08,7.54,8.82
RWA,44.616,47.129,49.021,51.032,53.368,55.491,57.316,58.714,8009587.0,8109989.0,8223941.0,8372306.0,8567992.0,8791853.0,9026299.0,9270066.0,16.9,21.2,24.0,21.6,17.3,22.0,18.3,16.9,26.2,32.7,28.2,28.7,23.0,28.9,25.0,24.7,21.61,26.74,26.91,26.04,20.94,25.21,22.59,20.09
SAU,72.136,72.467,72.974,73.337,73.628,74.153,74.588,74.81,21009660.0,21547390.0,22085929.0,22623415.0,23150847.0,23661808.0,24397644.0,25382870.0,13.2,13.0,16.2,17.9,19.4,18.3,18.5,17.4,54.9,74.2,54.1,54.7,62.5,58.7,56.8,61.7,26.64,32.61,31.91,33.49,42.76,37.53,38.89,39.84
SDN,57.015,58.319,58.562,58.976,58.2,56.773,57.279,60.281,25634162.0,26298773.0,26947253.0,27570318.0,28188977.0,28831550.0,29540577.0,30332968.0,12.9,15.8,20.5,20.5,19.6,18.6,20.9,19.4,54.0,51.3,50.2,46.2,51.8,51.4,49.0,49.4,32.74,35.16,34.19,35.48,35.27,36.67,35.05,34.63
SEN,56.609,56.943,57.564,58.231,59.122,60.027,60.915,61.75,9478564.0,9704287.0,9938027.0,10180950.0,10434504.0,10698691.0,10974057.0,11263387.0,45.5,49.5,40.1,45.7,44.7,45.1,42.9,40.6,67.3,70.7,51.2,61.5,62.2,60.7,55.6,55.1,56.7,60.58,44.49,54.29,56.17,54.3,48.92,46.97
SLB,67.069,67.225,67.364,67.515,67.644,67.801,67.936,68.09,419229.0,429978.0,440395.0,450760.0,461216.0,471785.0,482486.0,493430.0,1.1,1.3,1.7,2.1,1.9,1.7,1.7,2.3,1.9,2.2,2.4,2.9,2.4,2.5,2.2,2.8,1.43,1.65,1.92,2.5,2.13,2.05,1.92,2.53
SLE,42.071,45.05,45.661,46.359,46.963,47.577,48.237,49.323,4475145.0,4584067.0,4857096.0,5140113.0,5350907.0,5533329.0,5683334.0,5809774.0,42.4,43.2,31.2,32.6,31.3,43.2,39.0,31.3,53.0,50.2,37.3,38.1,35.6,52.7,44.7,37.8,46.57,45.78,34.15,35.14,33.1,47.02,41.44,34.44
SLV,69.379,69.865,69.598,70.232,70.14,70.34,70.44,70.773,5923852.0,5958482.0,5988095.0,6011275.0,6026849.0,6035655.0,6037817.0,6034436.0,13.9,17.1,10.7,9.3,11.5,7.5,10.8,8.7,18.5,20.7,13.9,12.4,13.3,11.0,12.2,11.8,16.28,18.77,12.27,10.63,12.17,8.75,11.43,9.93
SOM,50.525,50.66,50.74,50.731,50.614,50.538,50.661,50.597,8384479.0,8721465.0,9070747.0,9411103.0,9758281.0,10117354.0,10467292.0,10784973.0,5.2,5.9,5.5,6.2,5.7,6.2,5.1,5.5,32.3,53.3,36.0,39.9,37.9,43.6,38.9,39.5,14.91,20.57,15.21,16.82,15.23,15.16,14.61,15.0
SRB,,71.5829268292683,72.2341463414634,72.2853658536585,72.4365853658537,72.6829268292683,72.8341463414634,73.3853658536585,,7516346.0,7503433.0,7496522.0,7480591.0,7463157.0,7440769.0,7411569.0,,19.0,16.3,16.0,15.7,15.4,15.0,14.6,,30.2,26.4,26.4,25.7,21.6,25.4,23.6,,23.01,21.16,21.35,20.48,18.14,20.19,19.25
SSD,43.223,46.028,46.881,47.492,50.253,50.917,51.545,52.016,5850145.0,6114440.0,6394431.0,6686100.0,6992367.0,7317118.0,7662654.0,8029517.0,11.2,13.0,11.2,12.1,12.0,10.5,9.4,11.0,34.8,39.3,33.6,37.0,34.0,34.6,34.7,31.5,24.43,26.99,21.69,22.99,22.6,21.69,23.62,22.4
SUR,65.443,65.508,65.482,65.531,65.596,66.416,67.002,67.571,470458.0,478998.0,487394.0,495666.0,503780.0,510572.0,516220.0,522023.0,10.0,9.9,10.3,9.4,7.5,6.8,6.3,5.8,26.7,32.1,16.2,13.4,14.2,11.5,13.6,17.7,20.11,21.96,12.68,10.47,10.94,8.88,9.88,11.2
SVK,72.9024390243902,73.0512195121951,73.4024390243903,73.6048780487805,73.6048780487805,73.9585365853659,73.9048780487805,74.2048780487805,5396020.0,5388720.0,5378867.0,5376912.0,5373374.0,5372280.0,5372807.0,5373054.0,22.9,19.1,19.1,20.3,18.4,15.9,19.1,17.9,30.8,25.4,25.3,27.9,24.9,21.1,26.3,26.6,26.01,22.68,21.9,24.11,21.48,18.47,22.5,21.78
SVN,75.009756097561,75.4121951219512,75.7585365853659,76.0073170731707,76.8585365853659,77.2073170731707,77.6121951219512,78.0865853658537,1983045.0,1988925.0,1992060.0,1994530.0,1995733.0,1997012.0,2000474.0,2006868.0,21.5,18.5,15.5,15.9,14.6,13.8,15.4,15.7,26.4,23.8,17.8,21.6,20.3,16.2,20.3,21.9,24.22,20.54,16.24,18.82,17.12,14.82,17.87,17.81
SWE,79.4414634146342,79.6439024390244,79.7951219512195,79.8463414634146,80.0951219512195,80.4975609756098,80.5463414634146,80.7487804878049,8857874.0,8872109.0,8895960.0,8924958.0,8958229.0,8993531.0,9029572.0,9080505.0,3.7,3.6,3.5,2.9,2.8,2.6,2.6,3.4,16.9,17.4,11.7,12.1,16.2,11.1,12.2,15.2,7.77,7.43,5.54,5.57,5.88,4.85,4.75,6.72
SWZ,48.733,47.256,45.975,44.486,43.349,42.538,42.125,43.12,1018370.0,1030496.0,1041396.0,1050809.0,1058797.0,1065764.0,1071886.0,1077735.0,10.8,12.6,8.7,8.5,7.7,8.9,9.2,9.4,12.7,14.6,10.5,9.3,9.0,9.5,10.7,10.7,11.78,13.38,9.72,8.94,8.24,9.28,9.94,9.82
SYR,70.425,70.764,71.644,71.939,72.414,72.475,72.769,73.35,15901201.0,16307654.0,16727948.0,17164021.0,17611356.0,18084007.0,18583557.0,19432009.0,11.1,12.0,14.4,14.2,13.1,13.2,12.3,14.9,25.8,27.6,19.9,22.3,25.3,24.6,24.6,24.9,16.85,18.0,16.8,18.83,19.04,19.01,18.88,20.99
TCD,47.372,47.443,47.85,47.946,48.206,48.232,48.312,48.286,7981889.0,8259137.0,8538804.0,8838369.0,9196366.0,9613503.0,10005012.0,10365614.0,27.1,28.6,27.5,29.0,24.9,24.5,28.0,27.3,94.2,111.9,113.8,124.0,116.1,127.9,118.2,129.0,45.83,51.83,46.09,50.42,49.67,52.07,51.44,50.26
TGO,54.538,54.742,54.86,55.311,55.639,55.569,55.962,56.222,4867941.0,5008035.0,5145426.0,5281538.0,5421001.0,5565218.0,5711597.0,5874240.0,52.8,70.3,56.1,58.9,47.7,64.5,55.8,53.4,63.5,90.1,70.3,72.2,63.4,85.8,79.6,70.1,59.35,84.52,64.24,64.57,55.95,73.96,64.74,62.33
THA,72.542,72.316,72.613,72.93,73.155,73.08,73.82,74.938,62442651.0,63066603.0,63649892.0,64222580.0,64776956.0,65311166.0,65821360.0,66319525.0,7.6,9.0,8.5,9.4,10.0,13.1,11.3,12.0,27.5,28.9,27.2,31.2,25.9,30.9,27.5,26.6,17.02,17.81,18.45,20.42,16.89,21.92,20.36,18.86
TJK,62.621,63.26,64.057,64.846,65.552,66.028,66.514,67.013,6189565.0,6272998.0,6408810.0,6541755.0,6672492.0,6801204.0,6929145.0,7057417.0,14.1,16.1,10.1,10.6,13.6,16.0,13.5,18.9,58.4,65.0,57.1,46.6,43.3,42.1,33.6,44.6,31.09,35.65,28.19,27.09,25.29,27.42,22.79,29.82
TKM,64.518,65.026,65.156,65.385,65.746,66.075,66.068,66.499,4501079.0,4569132.0,4635094.0,4698968.0,4758988.0,4819792.0,4885775.0,4954029.0,30.1,31.0,29.0,24.5,21.4,18.0,18.3,19.2,76.6,70.4,66.3,45.2,37.1,38.7,34.4,45.3,45.13,46.69,44.61,35.8,28.44,26.7,23.62,31.37
TLS,45.701,58.568,59.362,60.148,60.871,61.628,62.328,63.073,866649.0,878360.0,893001.0,909639.0,926721.0,945989.0,969313.0,994564.0,8.2,6.3,8.8,8.5,6.9,7.6,5.8,7.0,10.2,7.9,10.1,10.0,7.7,9.5,7.0,8.4,8.92,7.06,9.18,9.22,7.26,8.68,6.42,7.78
TTO,68.377,69.102,69.646,70.488,69.729,71.076,71.308,71.256,1327063.0,1332203.0,1338567.0,1345964.0,1353548.0,1361172.0,1369075.0,1376919.0,5.5,6.1,5.9,5.7,4.5,3.7,3.8,3.7,5.5,6.1,5.9,5.7,4.5,3.7,3.8,3.7,5.5,6.1,5.9,5.7,4.5,3.7,3.8,3.7
TUN,73.508,73.69,73.816,74.059,74.305,74.49,74.764,74.921,9788067.0,9893316.0,9995123.0,10094561.0,10193798.0,10292225.0,10388344.0,10483558.0,15.8,14.3,14.0,15.5,14.4,13.7,11.9,11.0,42.3,42.8,42.8,40.3,41.0,41.2,44.1,34.5,22.94,21.9,22.32,23.11,20.05,20.07,20.39,17.55
TUR,70.695,71.861,72.231,72.579,72.89,73.24,73.534,73.845,63185615.0,64113547.0,65072018.0,65988663.0,66867327.0,67785075.0,68704715.0,69601333.0,10.9,10.7,10.7,10.2,8.9,10.0,10.1,10.0,20.8,24.4,22.3,23.7,21.7,21.4,21.3,22.5,14.35,13.98,14.74,15.83,13.55,13.31,12.94,13.82
TZA,51.748,52.362,53.161,53.863,54.895,55.596,56.299,56.911,33499772.0,34463704.0,35414469.0,36353531.0,37333918.0,38360879.0,39439505.0,40562052.0,4.4,4.9,6.0,6.5,5.2,4.6,5.1,4.4,18.4,22.1,27.6,28.1,20.0,25.2,20.8,19.3,7.69,9.1,12.92,10.68,9.93,9.71,9.94,8.49
UGA,47.786,48.342,49.006,49.648,50.368,51.547,52.976,54.369,23279247.0,24020697.0,24763325.0,25545090.0,26354736.0,27146084.0,27946588.0,28773227.0,10.8,12.2,12.1,10.8,9.6,8.4,8.1,8.6,26.7,29.7,30.5,33.0,26.6,33.7,27.2,23.7,17.05,20.29,19.34,18.56,16.48,17.2,15.68,15.69
UKR,67.9809756097561,67.6756097560976,67.8370731707317,68.2756097560976,68.2107317073171,68.1853658536585,67.9568292682927,68.0775609756098,49674000.0,49176500.0,48662400.0,48202470.0,47812949.0,47451626.0,47105171.0,46787786.0,12.9,13.0,11.8,11.8,12.1,11.7,13.7,13.2,28.3,24.1,23.9,25.7,22.9,20.0,24.6,24.9,18.4,17.15,16.78,18.0,14.94,14.12,16.54,17.32
URY,74.769,75.025,75.285,75.54,75.785,76.007,76.194,76.362,3278963.0,3292224.0,3300939.0,3306441.0,3310202.0,3313801.0,3317665.0,3322282.0,3.8,4.1,3.4,3.6,3.3,3.0,3.0,3.7,6.9,6.9,6.6,5.7,6.2,4.9,4.9,6.1,5.49,5.16,4.97,4.59,4.42,3.5,3.65,4.5
USA,76.5829268292683,76.6365853658537,76.8365853658537,76.9365853658537,77.0365853658537,77.4878048780488,77.4878048780488,77.6878048780488,279040000.0,282162411.0,284968955.0,287625193.0,290107933.0,292805298.0,295516599.0,298379912.0,1.8,1.3,1.3,2.1,2.2,2.4,2.4,1.8,33.1,47.6,15.2,18.5,16.1,56.8,28.8,14.9,7.61,7.88,7.38,8.02,6.84,8.66,8.3,6.36
UZB,65.383,65.724,66.087,66.604,67.04,67.401,67.49,67.891,24311650.0,24650400.0,24964450.0,25271850.0,25567650.0,25864350.0,26167000.0,26488250.0,22.6,24.0,26.7,18.1,14.4,15.6,16.0,15.2,78.7,68.9,64.4,46.9,44.4,46.3,38.7,52.0,37.19,39.78,37.18,30.27,26.78,25.76,24.04,29.41
VEN,72.254,72.478,71.201,72.662,71.94,72.514,72.782,72.742,23966960.0,24427729.0,24880203.0,25330929.0,25782029.0,26226927.0,26668785.0,27102081.0,5.5,5.4,6.4,5.3,4.6,3.5,3.7,3.7,29.4,28.2,25.1,23.0,26.4,23.5,23.9,22.2,12.29,11.48,13.64,11.84,11.99,9.03,9.62,9.01
VNM,72.317,72.462,72.647,72.801,72.98,73.135,73.271,73.319,78123713.0,79001142.0,79817777.0,80642308.0,81475825.0,82311227.0,83142095.0,83951800.0,7.8,9.7,7.8,9.0,9.4,11.6,11.2,11.1,50.7,44.6,43.6,43.3,36.6,45.1,45.0,47.2,21.0,21.79,20.75,21.18,18.52,22.97,22.37,22.54
VUT,68.237,68.966,69.037,69.196,69.276,69.313,69.39,69.462,187432.0,192074.0,197034.0,202125.0,207258.0,212422.0,217632.0,222923.0,3.7,3.7,3.5,3.1,3.4,3.0,2.9,3.1,3.9,3.8,3.7,3.3,3.5,3.3,3.0,3.3,3.8,3.75,3.6,3.2,3.45,3.15,2.95,3.2
WSM,70.456,70.746,71.019,71.276,71.496,71.696,71.754,72.021,182211.0,184008.0,185530.0,186630.0,187440.0,188073.0,188626.0,189379.0,1.7,1.7,1.7,1.8,1.8,1.8,2.0,1.8,1.7,1.7,1.7,1.8,1.8,1.8,2.0,1.8,1.7,1.7,1.7,1.8,1.8,1.8,2.0,1.8
YEM,61.975,62.588,63.222,63.906,64.541,65.006,65.543,65.988,18114552.0,18628700.0,19143457.0,19660653.0,20188799.0,20733406.0,21320671.0,21966298.0,22.7,27.8,21.4,20.9,21.5,21.3,20.4,20.7,35.5,50.5,42.1,47.3,58.8,52.5,48.3,51.4,27.58,35.48,31.11,34.43,38.58,35.84,35.42,36.63
ZAF,59.241,58.47,57.261,55.666,54.331,54.043,53.98,54.278,46364681.0,46813266.0,47229714.0,47661514.0,48104048.0,48556071.0,49017147.0,49491756.0,3.9,3.1,2.9,2.7,3.0,2.6,2.3,2.6,23.2,23.4,16.0,15.1,14.7,15.0,15.1,17.6,8.31,8.02,7.63,7.31,6.77,6.57,6.69,7.18
ZMB,44.659,45.231,46.019,46.979,48.284,49.487,50.659,51.795,9621238.0,9891136.0,10191964.0,10508294.0,10837973.0,11188040.0,11564870.0,11971567.0,6.7,8.4,12.7,10.1,8.6,8.1,9.7,8.3,16.6,21.1,20.5,17.1,17.9,16.2,18.3,16.0,10.66,12.6,16.35,13.19,12.43,11.56,12.93,11.15
ZWE,45.206,44.686,41.957,44.565,43.393,44.502,44.768,45.364,11716454.0,11834676.0,11910978.0,11984644.0,12075828.0,12160881.0,12224753.0,12330490.0,4.7,7.3,10.1,7.3,6.9,6.2,7.2,6.6,11.1,13.3,16.6,13.9,12.0,10.7,13.2,11.8,7.29,9.09,13.35,9.86,8.72,7.64,8.97,8.15
