country,iso_alpha3,whostandard,natstandard,population,pm_1998,pm_1999,pm_2000,pm_2001,pm_2002,pm_2003,pm_2004,pm_2005,pm_2006,pm_2007,pm_2008,pm_2009,pm_2010,pm_2011,pm_2012,pm_2013,pm_2014,pm_2015,pm_2016,pm_2017,pm_2018,llpp_who_1998,llpp_who_1999,llpp_who_2000,llpp_who_2001,llpp_who_2002,llpp_who_2003,llpp_who_2004,llpp_who_2005,llpp_who_2006,llpp_who_2007,llpp_who_2008,llpp_who_2009,llpp_who_2010,llpp_who_2011,llpp_who_2012,llpp_who_2013,llpp_who_2014,llpp_who_2015,llpp_who_2016,llpp_who_2017,llpp_who_2018,llpp_nat_1998,llpp_nat_1999,llpp_nat_2000,llpp_nat_2001,llpp_nat_2002,llpp_nat_2003,llpp_nat_2004,llpp_nat_2005,llpp_nat_2006,llpp_nat_2007,llpp_nat_2008,llpp_nat_2009,llpp_nat_2010,llpp_nat_2011,llpp_nat_2012,llpp_nat_2013,llpp_nat_2014,llpp_nat_2015,llpp_nat_2016,llpp_nat_2017,llpp_nat_2018
Aruba,ABW,5,0,118013,2.5,3.6099999,2.4000001,2.48,2.22,3.0899999,2.99,3.48,2.79,2.99,3.3900001,2.4200001,4.8200002,3.27,2.98,2.5899999,2.1600001,2.26,2.99,2.99,2.4000001,0,0,0,0,0,0,0,0,0,0,0,0,0,0,0,0,0,0,0,0,0,,NA,,NA,,NA,,NA,,NA,,NA,,NA,,NA,,NA,,NA,
Afghanistan,AFG,5,10,30278457,10.56,10.34,11.6,13.72,13.31,13.61,12.31,13.78,14.18,13.53,14.45,14.76,14.78,18.01,16.07,14.64,15.17,15.72,15.77,14.91,13.71,0.54000002,0.51999998,0.64999998,0.85000002,0.81,0.83999997,0.72000003,0.86000001,0.89999998,0.83999997,0.93000001,0.95999998,0.95999998,1.28,1.09,0.94,1,1.05,1.0599999,0.97000003,0.85000002,0.16,0.13,0.18000001,0.37,0.33000001,0.36000001,0.23999999,0.37,0.41,0.34999999,0.44,0.47,0.47,0.79000002,0.60000002,0.46000001,0.50999999,0.56,0.56999999,0.47999999,0.37
Angola,AGO,5,0,31245992,18.09,15.73,17.26,21.620001,19.4,18.200001,18.780001,20.940001,17.219999,20.82,22.209999,19.860001,23.549999,21.4,21.450001,21.4,18.700001,20.01,20.120001,18.09,18.790001,1.28,1.05,1.2,1.63,1.41,1.29,1.35,1.5599999,1.2,1.55,1.6900001,1.46,1.8200001,1.61,1.61,1.61,1.34,1.47,1.48,1.28,1.35,,NA,,NA,,NA,,NA,,NA,,NA,,NA,,NA,,NA,,NA,
Anguilla,AIA,5,0,17756,2.0699999,2.6700001,2.27,2.48,1.78,1.9400001,1.78,2.51,2.28,1.98,1.78,1.78,3,1.87,2.3,1.58,1.58,1.85,1.97,1.87,1.5599999,0,0,0,0,0,0,0,0,0,0,0,0,0,0,0,0,0,0,0,0,0,,NA,,NA,,NA,,NA,,NA,,NA,,NA,,NA,,NA,,NA,
Åland,ALA,5,0,29715,6.3899999,6.7399998,5.4899998,5.02,5.5,5.48,5.5799999,5.9400001,6.71,5.1999998,5.5300002,5.1399999,5.6999998,4.7399998,4.3499999,4.4000001,5.6399999,3.77,3.6700001,3.1300001,4.1799998,0.14,0.17,0.050000001,0.0099999998,0.050000001,0.050000001,0.059999999,0.090000004,0.17,0.02,0.050000001,0.02,0.07,0,0,0,0.059999999,0,0,0,0,,NA,,NA,,NA,,NA,,NA,,NA,,NA,,NA,,NA,,NA,
Albania,ALB,5,15,3063723,16.23,14.91,16.809999,15.93,17.299999,19.530001,15.25,16.780001,18.66,17.43,14.86,14.05,11.5,19.620001,16.25,13.56,12.35,15.5,13.04,14.23,13.68,1.1,0.97000003,1.16,1.0700001,1.21,1.42,1,1.15,1.34,1.22,0.97000003,0.88999999,0.63999999,1.4299999,1.1,0.83999997,0.72000003,1.03,0.79000002,0.89999998,0.85000002,0.14,0.07,0.2,0.14,0.27000001,0.44999999,0.1,0.2,0.38,0.25999999,0.079999998,0.039999999,0.0099999998,0.46000001,0.18000001,0.039999999,0.0099999998,0.11,0.029999999,0.039999999,0.039999999
Andorra,AND,5,25,85671,8.5799999,8.1800003,8.6700001,9.25,9.4200001,10.06,9.2700005,9.7200003,8.9700003,8.8699999,7.8600001,8.1199999,8.8000002,8.5799999,7.3699999,6.9099998,6.1199999,6.9299998,6.4200001,6.29,6.5300002,0.34999999,0.31,0.36000001,0.41999999,0.43000001,0.5,0.41999999,0.46000001,0.38999999,0.38,0.28,0.31,0.37,0.34999999,0.23,0.19,0.11,0.19,0.14,0.13,0.15000001,0,0,0,0,0,0,0,0,0,0,0,0,0,0,0,0,0,0,0,0,0
United Arab Emirates,ARE,5,0,9818483,14.92,13.69,17.379999,15.23,16.48,13.65,13.01,14.24,18.15,15.87,18.42,19.08,18.540001,18.18,21.030001,18.860001,18.6,17.4,18.68,18.08,18.139999,0.97000003,0.85000002,1.21,1,1.13,0.85000002,0.77999997,0.91000003,1.29,1.0700001,1.3099999,1.38,1.33,1.29,1.5700001,1.36,1.33,1.22,1.34,1.28,1.29,,NA,,NA,,NA,,NA,,NA,,NA,,NA,,NA,,NA,,NA,
Argentina,ARG,5,15,45220840,10.51,11.56,11.18,10.98,11.34,11.36,10.9,10.14,11.2,11.6,11.54,10.04,9.4300003,10.27,10.26,10.27,10.46,10.14,10.26,9.9300003,9.7600002,0.54000002,0.64999998,0.61000001,0.58999997,0.62,0.63,0.57999998,0.50999999,0.61000001,0.64999998,0.63999999,0.5,0.44,0.51999998,0.51999998,0.51999998,0.54000002,0.50999999,0.51999998,0.49000001,0.47,0.029999999,0.079999998,0.039999999,0.02,0.050000001,0.050000001,0.039999999,0.02,0.050000001,0.090000004,0.050000001,0.029999999,0.02,0.029999999,0.02,0.029999999,0.02,0.02,0.02,0.0099999998,0.0099999998
Armenia,ARM,5,0,3038195,16.530001,16.129999,17.73,15.32,17.379999,15.93,15.63,16.860001,15.74,16.969999,16.940001,16.540001,15.92,19.16,19.59,18.450001,18.18,18.66,16.74,19.49,18.129999,1.13,1.09,1.25,1.01,1.21,1.0700001,1.04,1.16,1.05,1.17,1.17,1.13,1.0700001,1.39,1.4299999,1.3200001,1.29,1.34,1.15,1.42,1.29,,NA,,NA,,NA,,NA,,NA,,NA,,NA,,NA,,NA,,NA,
American Samoa,ASM,5,0,46136,0.5,0.58999997,0.73000002,0.69999999,0.80000001,0.80000001,0.60000002,1,0.80000001,0.80000001,0.69,0.80000001,0.69,0.60000002,0.73000002,0.69999999,0.80000001,0.99000001,0.81999999,0.89999998,0.89999998,0,0,0,0,0,0,0,0,0,0,0,0,0,0,0,0,0,0,0,0,0,,NA,,NA,,NA,,NA,,NA,,NA,,NA,,NA,,NA,,NA,
French Southern Territories,ATF,5,0,35392,9.6999998,8.9200001,8.4899998,11.62,8.6800003,10.14,8.8800001,10,10.25,11.95,9.3699999,9.8699999,10.11,8.79,9.8100004,9.71,8.1700001,9.0900002,9.21,8.21,9.25,0.46000001,0.38,0.34,0.64999998,0.36000001,0.5,0.38,0.49000001,0.50999999,0.68000001,0.43000001,0.47999999,0.5,0.37,0.47,0.46000001,0.31,0.40000001,0.41,0.31,0.41999999,,NA,,NA,,NA,,NA,,NA,,NA,,NA,,NA,,NA,,NA,
Antigua and Barbuda,ATG,5,0,97031,2.1900001,2.5899999,2.49,2.46,1.97,2.1700001,2.0699999,2.5599999,2.3399999,2.0599999,2.0599999,2.1600001,2.97,2.1400001,2.26,1.6900001,1.79,1.99,2.1800001,1.88,1.87,0,0,0,0,0,0,0,0,0,0,0,0,0,0,0,0,0,0,0,0,0,,NA,,NA,,NA,,NA,,NA,,NA,,NA,,NA,,NA,,NA,
Australia,AUS,5,8,25103251,3.3299999,3.3900001,3.1800001,3.75,4.0100002,4.9000001,3.3099999,3.04,4.25,3.48,2.9400001,4.1100001,3.1199999,3.3199999,3.25,3.73,3.8499999,3.52,3.24,3.46,3.24,0,0,0,0.0099999998,0.039999999,0.090000004,0,0,0.039999999,0,0,0.029999999,0,0,0,0.0099999998,0.0099999998,0,0,0,0,0,0,0,0,0,0.02,0,0,0,0,0,0,0,0,0,0,0,0,0,0,0
Austria,AUT,5,25,8826852,16.23,15.84,14.94,16.110001,17.43,17.67,15.88,18.209999,17.719999,13.39,12.83,14.17,15.73,15.54,12.88,14.27,12.3,12.3,11.5,11.94,12.42,1.1,1.0599999,0.97000003,1.09,1.22,1.24,1.0700001,1.29,1.25,0.81999999,0.76999998,0.89999998,1.05,1.03,0.76999998,0.91000003,0.70999998,0.70999998,0.63999999,0.68000001,0.73000002,0,0,0,0,0,0,0,0,0,0,0,0,0,0,0,0,0,0,0,0,0
Azerbaijan,AZE,5,0,10084800,15.73,15.04,14.23,11.46,12.62,12.1,11.22,12.7,12.42,12.63,11.78,12.05,12.24,12.27,13.04,11.37,11.81,11.52,11.87,12.82,10.58,1.05,0.98000002,0.89999998,0.63,0.75,0.69999999,0.61000001,0.75,0.73000002,0.75,0.66000003,0.69,0.70999998,0.70999998,0.79000002,0.62,0.67000002,0.63999999,0.67000002,0.76999998,0.55000001,,NA,,NA,,NA,,NA,,NA,,NA,,NA,,NA,,NA,,NA,
Burundi,BDI,5,0,11533824,26.5,19.92,30.450001,36.619999,31.67,28.469999,33.889999,33.849998,28.709999,37.720001,35.490002,33.07,34.93,35.82,35.509998,36.869999,32.549999,34.849998,33.330002,27.9,28.33,2.1099999,1.46,2.49,3.0999999,2.6099999,2.3,2.8299999,2.8299999,2.3199999,3.21,2.99,2.75,2.9300001,3.02,2.99,3.1199999,2.7,2.9300001,2.78,2.24,2.29,,NA,,NA,,NA,,NA,,NA,,NA,,NA,,NA,,NA,,NA,
Belgium,BEL,5,25,11651325,14.99,14,12.65,12.51,12.58,14.62,12.85,12.44,13.31,15.03,14.44,15.62,15.63,14.82,13.04,14.03,11.23,10.75,10.71,10.23,10.78,0.98000002,0.88,0.75,0.74000001,0.74000001,0.94,0.76999998,0.73000002,0.81,0.98000002,0.93000001,1.04,1.04,0.95999998,0.79000002,0.88999999,0.61000001,0.56,0.56,0.50999999,0.56999999,0,0,0,0,0,0,0,0,0,0,0,0,0,0,0,0,0,0,0,0,0
Benin,BEN,5,0,12455196,15.09,14.63,16.24,16.860001,16.48,17.719999,18.75,19.15,17.27,18.200001,18.889999,17.99,17.940001,17.25,16.09,15.15,15.25,15.66,17.09,17.23,16.719999,0.99000001,0.94,1.1,1.16,1.12,1.25,1.35,1.39,1.2,1.29,1.36,1.27,1.27,1.2,1.09,1,1,1.04,1.1799999,1.2,1.15,,NA,,NA,,NA,,NA,,NA,,NA,,NA,,NA,,NA,,NA,
"Bonaire, Sint Eustatius and Saba",BES,5,0,24947,2.76,3.5599999,2.5999999,2.6900001,2.3099999,2.97,2.8299999,3.3800001,2.9200001,3.0799999,3.25,2.6500001,4.9899998,3.0599999,3.01,2.52,2.24,2.29,3.0599999,2.99,2.3599999,0,0,0,0,0,0,0,0,0,0,0,0,0.029999999,0,0,0,0,0,0,0,0,,NA,,NA,,NA,,NA,,NA,,NA,,NA,,NA,,NA,,NA,
Burkina Faso,BFA,5,0,20304926,7.2800002,7.25,7.4699998,7.0900002,7.1399999,8.1199999,8.5299997,9.0500002,8.3299999,8.6800003,8.2600002,9.2299995,9.9899998,9.1000004,8.5,8.1099997,9,8.4300003,8.0900002,8.4300003,8.5699997,0.22,0.22,0.23999999,0.20999999,0.20999999,0.31,0.34999999,0.40000001,0.33000001,0.36000001,0.31999999,0.41,0.49000001,0.40000001,0.34,0.31,0.38999999,0.34,0.30000001,0.34,0.34999999,,NA,,NA,,NA,,NA,,NA,,NA,,NA,,NA,,NA,,NA,
Bangladesh,BGD,5,15,161930514,45.93,46.560001,52.139999,54.529999,53.82,55.59,54.880001,59.919998,64.379997,62.43,65.120003,71.040001,66.330002,70.580002,71.57,65.580002,68.410004,65.410004,68.629997,62.970001,77.120003,4.0100002,4.0700002,4.6199999,4.8499999,4.7800002,4.96,4.8899999,5.3800001,5.8200002,5.6300001,5.8899999,6.4699998,6.0100002,6.4299998,6.52,5.9400001,6.21,5.9200001,6.2399998,5.6799998,7.0700002,3.03,3.0899999,3.6400001,3.8699999,3.8,3.98,3.9100001,4.4000001,4.8400002,4.6500001,4.9099998,5.4899998,5.0300002,5.4499998,5.54,4.96,5.23,4.9400001,5.2600002,4.6999998,6.0900002
Bulgaria,BGR,5,25,7019515,25.4,22.700001,24.15,24.719999,24.879999,26.139999,22.59,24.6,26.84,24.15,22.26,20.379999,18.23,27.809999,22.58,19.950001,19.34,18.65,17.780001,19.18,18.280001,2,1.73,1.88,1.9299999,1.95,2.0699999,1.72,1.92,2.1400001,1.88,1.6900001,1.51,1.3,2.24,1.72,1.46,1.41,1.34,1.25,1.39,1.3,0.15000001,0.029999999,0.14,0.13,0.16,0.23999999,0.050000001,0.15000001,0.31,0.19,0.07,0.02,0,0.41,0.079999998,0.0099999998,0,0,0,0,0
Bahrain,BHR,5,0,1454701,14.03,14.24,17.059999,13.78,14.28,13.84,13.33,14.39,16.75,16.450001,18.049999,20.26,21.43,19.040001,21.059999,18.52,18.99,19.530001,18.51,21.610001,20.219999,0.88,0.91000003,1.1799999,0.86000001,0.91000003,0.87,0.81999999,0.92000002,1.15,1.12,1.28,1.5,1.61,1.38,1.5700001,1.33,1.37,1.42,1.3200001,1.63,1.49,,NA,,NA,,NA,,NA,,NA,,NA,,NA,,NA,,NA,,NA,
Bahamas,BHS,5,0,336078,6.2399998,5.04,4.5500002,3.9100001,3.8699999,3.8699999,4.0100002,4.4899998,4.4200001,3.8800001,3.04,3.1400001,3.8099999,3.6099999,3.21,2.6700001,2.8399999,2.51,3.03,3.22,3.04,0.12,0.0099999998,0,0,0,0,0,0,0,0,0,0,0,0,0,0,0,0,0,0,0,,NA,,NA,,NA,,NA,,NA,,NA,,NA,,NA,,NA,,NA,
Bosnia and Herzegovina,BIH,5,25,3842951,27.889999,26.65,25.290001,27.549999,28.450001,29.98,27.82,30.049999,29.4,27.059999,25.98,26.790001,27.52,32.099998,28.879999,25.440001,24.24,28.57,27.83,26.67,25.65,2.24,2.1199999,1.99,2.21,2.3,2.45,2.24,2.45,2.3900001,2.1600001,2.0599999,2.1400001,2.21,2.6600001,2.3399999,2,1.89,2.3099999,2.24,2.1199999,2.02,0.43000001,0.34,0.23999999,0.40000001,0.47999999,0.58999997,0.43000001,0.61000001,0.54000002,0.37,0.31,0.36000001,0.44,0.77999997,0.5,0.23,0.2,0.49000001,0.46000001,0.34999999,0.28
Saint-Barthélemy,BLM,5,0,7140,2.3,2.9000001,2.5999999,2.7,2,2.2,2,2.8,2.5,2.2,2.0999999,2.2,3.4000001,2.2,2.7,1.9,1.9,2.0999999,2.3,2.2,1.8,0,0,0,0,0,0,0,0,0,0,0,0,0,0,0,0,0,0,0,0,0,,NA,,NA,,NA,,NA,,NA,,NA,,NA,,NA,,NA,,NA,
Belarus,BLR,5,15,9502143,17.379999,17.92,15.65,15.99,19.110001,15.53,15.87,15.47,15.98,14.36,14.93,16.51,17.4,15.2,14.86,15.55,15.28,13.28,12.69,12.91,13.71,1.21,1.27,1.04,1.08,1.38,1.03,1.0700001,1.03,1.08,0.92000002,0.97000003,1.13,1.22,1,0.97000003,1.03,1.01,0.81,0.75,0.77999997,0.85000002,0.23,0.28999999,0.079999998,0.1,0.40000001,0.07,0.090000004,0.07,0.1,0.02,0.02,0.15000001,0.23999999,0.07,0.039999999,0.07,0.050000001,0.029999999,0.0099999998,0.0099999998,0
Belize,BLZ,5,0,393512,13.69,10.69,10.26,10.61,10.22,13.17,9.3699999,13.59,10.58,10.41,9.2399998,8.9200001,10.61,11.67,8.3299999,10.36,9.0100002,8.8599997,8.1700001,9.0500002,7.96,0.85000002,0.56,0.51999998,0.55000001,0.50999999,0.80000001,0.43000001,0.83999997,0.55000001,0.52999997,0.41999999,0.38,0.55000001,0.64999998,0.33000001,0.52999997,0.38999999,0.38,0.31,0.40000001,0.28999999,,NA,,NA,,NA,,NA,,NA,,NA,,NA,,NA,,NA,,NA,
Bermuda,BMU,5,30,71472,4.4299998,3.6700001,4.3699999,3.97,3.73,3.72,3.78,4.0599999,3.4400001,3.97,3.22,2.71,3.01,2.9300001,2.9200001,2.5799999,2.74,2.6300001,2.28,2.28,2.1700001,0,0,0,0,0,0,0,0,0,0,0,0,0,0,0,0,0,0,0,0,0,0,0,0,0,0,0,0,0,0,0,0,0,0,0,0,0,0,0,0,0,0
Bolivia,BOL,5,10,11386530,22.780001,24.860001,22.959999,24.76,26.799999,26.799999,30.49,29.07,26.219999,31.459999,25.959999,24.51,32.25,27.16,25.23,23.85,25.129999,25.790001,25.969999,26.280001,24.719999,1.74,1.95,1.76,1.9400001,2.1400001,2.1400001,2.5,2.3599999,2.0799999,2.5899999,2.05,1.91,2.6700001,2.1700001,1.98,1.85,1.97,2.04,2.0599999,2.0899999,1.9299999,1.27,1.46,1.27,1.45,1.65,1.65,2.01,1.87,1.59,2.0999999,1.5599999,1.42,2.1800001,1.6799999,1.49,1.36,1.48,1.55,1.5700001,1.6,1.4400001
Brazil,BRA,5,0,210048299,8.8199997,8.1199999,8.6700001,10.16,10.95,11.02,11.02,10.83,10.55,11.47,10.89,10.89,10.74,10.41,10.18,10.12,10.15,11.03,10.42,10.13,10.18,0.40000001,0.37,0.38999999,0.51999998,0.58999997,0.60000002,0.60000002,0.58999997,0.56,0.64999998,0.58999997,0.58999997,0.57999998,0.54000002,0.52999997,0.51999998,0.52999997,0.60000002,0.55000001,0.52999997,0.51999998,,NA,,NA,,NA,,NA,,NA,,NA,,NA,,NA,,NA,,NA,
Barbados,BRB,5,0,293874,1.87,2.3699999,1.98,2.3599999,2.01,2.1700001,1.9299999,2.1600001,2.0599999,2.03,2.03,2.26,2.8299999,2.05,2.25,1.8099999,1.67,1.89,2.1099999,2.3099999,1.9,0,0,0,0,0,0,0,0,0,0,0,0,0,0,0,0,0,0,0,0,0,,NA,,NA,,NA,,NA,,NA,,NA,,NA,,NA,,NA,,NA,
Brunei,BRN,5,0,453521,14.05,5.0100002,4.9099998,5.3899999,9.1599998,7.48,8.1999998,7.5,10.06,6.1199999,5.3499999,11.52,6.8600001,7.8000002,7.8499999,7,7.5900002,11.11,8.25,5.3200002,6.9699998,0.88999999,0.0099999998,0.0099999998,0.050000001,0.41,0.23999999,0.31,0.25,0.5,0.11,0.039999999,0.63999999,0.18000001,0.27000001,0.28,0.2,0.25,0.60000002,0.31999999,0.039999999,0.19,,NA,,NA,,NA,,NA,,NA,,NA,,NA,,NA,,NA,,NA,
Bhutan,BTN,5,0,775391,18.219999,18.559999,23.139999,26.32,24.889999,25.66,25.450001,27.139999,27.51,26.08,27.01,31.299999,25.85,26.940001,29.389999,26.200001,28.860001,28.209999,26.18,26.41,28.620001,1.3,1.33,1.78,2.0899999,1.95,2.03,2,2.1700001,2.21,2.0699999,2.1600001,2.5799999,2.04,2.1500001,2.3900001,2.0799999,2.3399999,2.27,2.0799999,2.0999999,2.3099999,,NA,,NA,,NA,,NA,,NA,,NA,,NA,,NA,,NA,,NA,
Botswana,BWA,5,0,2281442,15.79,14.16,12.94,15.45,13.72,15.82,13.46,15.6,12.67,14.53,14.98,14.52,18.040001,12.79,14.48,14.23,11.85,15.07,13.92,13.1,14.02,1.0599999,0.89999998,0.77999997,1.02,0.85000002,1.0599999,0.82999998,1.04,0.75,0.93000001,0.98000002,0.93000001,1.28,0.75999999,0.93000001,0.89999998,0.67000002,0.99000001,0.87,0.79000002,0.88,,NA,,NA,,NA,,NA,,NA,,NA,,NA,,NA,,NA,,NA,
Central African Republic,CAF,5,0,5898310,28.540001,27.309999,28.219999,23.77,23.75,25.02,25.73,24.620001,22.559999,25.1,25.719999,26.370001,26.26,28.049999,26.200001,27.59,25.58,25.370001,25.93,25.219999,27.33,2.3099999,2.1900001,2.28,1.84,1.84,1.96,2.03,1.92,1.72,1.97,2.03,2.0899999,2.0799999,2.26,2.0799999,2.21,2.02,2,2.05,1.98,2.1900001,,NA,,NA,,NA,,NA,,NA,,NA,,NA,,NA,,NA,,NA,
Canada,CAN,5,10,37369993,8.8800001,7.9899998,7.8400002,7.96,8.0600004,8.3500004,7.8600001,8.5600004,7.54,7.3200002,7.2399998,6.7800002,6.5900002,6.8800001,6.4400001,6.73,6.9000001,6.8899999,5.6900001,6.3600001,6.1900001,0.38999999,0.30000001,0.28999999,0.30000001,0.31,0.33000001,0.28999999,0.36000001,0.25999999,0.23999999,0.23,0.19,0.17,0.2,0.16,0.18000001,0.2,0.2,0.1,0.15000001,0.14,0.050000001,0.02,0.02,0.0099999998,0.0099999998,0.02,0.0099999998,0.059999999,0,0,0,0,0,0,0,0,0,0,0,0,0
Cocos Islands,CCK,5,0,485,1,1.3,1.3200001,1.12,1.3200001,1.2,1.62,1.22,1.62,1.7,1.2,1.5,1.3200001,1.6,1.72,1.42,1.6,1.92,1.4,1.5,1.5,0,0,0,0,0,0,0,0,0,0,0,0,0,0,0,0,0,0,0,0,0,,NA,,NA,,NA,,NA,,NA,,NA,,NA,,NA,,NA,,NA,
Switzerland,CHE,5,0,8356683,13.13,13.43,12.54,13.34,13.82,15.04,11.74,12.83,12.49,11.17,11.49,12.96,13.62,13.43,11.12,12.06,9.2299995,10.51,9.5900002,9.4499998,9.3699999,0.80000001,0.82999998,0.74000001,0.81999999,0.86000001,0.98000002,0.66000003,0.76999998,0.73000002,0.60000002,0.63999999,0.77999997,0.83999997,0.82999998,0.60000002,0.69,0.41,0.54000002,0.44999999,0.44,0.43000001,,NA,,NA,,NA,,NA,,NA,,NA,,NA,,NA,,NA,,NA,
Chile,CHL,5,20,18056022,13.05,14.74,13.78,14.02,13.61,13.61,14.33,13.77,14.24,15.11,15.91,14.42,14.7,16.01,15.01,15.32,15.76,16.559999,18.01,16.91,15.32,0.79000002,0.95999998,0.86000001,0.88999999,0.85000002,0.85000002,0.92000002,0.86000001,0.91000003,0.99000001,1.0700001,0.93000001,0.94999999,1.08,0.98000002,1.01,1.0599999,1.14,1.28,1.17,1.01,0,0,0,0,0,0,0,0,0,0.02,0.059999999,0.0099999998,0.0099999998,0.050000001,0.02,0.029999999,0.050000001,0.07,0.16,0.12,0.029999999
China,CHN,5,35,1397424389,33.150002,32.23,36.099998,37.369999,40.060001,45.939999,44.619999,47.700001,50.75,51.060001,50.5,48.27,47.02,52.790001,49.16,52.369999,49.889999,46.529999,43.029999,40.52,35.48,2.76,2.6700001,3.05,3.1700001,3.4400001,4.0100002,3.8800001,4.1799998,4.48,4.5100002,4.46,4.2399998,4.1199999,4.6799998,4.3299999,4.6399999,4.4000001,4.0700002,3.73,3.48,2.99,0.33000001,0.30000001,0.51999998,0.55000001,0.79000002,1.26,1.17,1.42,1.6799999,1.71,1.66,1.48,1.38,1.85,1.55,1.86,1.61,1.35,1.0599999,0.82999998,0.5
Côte d'Ivoire,CIV,5,0,26845572,10.9,9.9099998,11.56,12.26,11.74,12.75,12.88,13.24,12.51,12.16,12.65,13.15,12.56,12.58,10.63,10.55,10.66,10.99,10.87,10.64,10.79,0.57999998,0.47999999,0.63999999,0.70999998,0.66000003,0.75999999,0.76999998,0.81,0.74000001,0.69999999,0.75,0.80000001,0.74000001,0.74000001,0.55000001,0.54000002,0.55000001,0.58999997,0.56999999,0.55000001,0.56999999,,NA,,NA,,NA,,NA,,NA,,NA,,NA,,NA,,NA,,NA,
Cameroon,CMR,5,10,27034523,30.690001,28.43,29.959999,31.49,29.870001,29.370001,30.57,30.32,28.110001,29.35,32.189999,30.41,31.459999,30.139999,29.360001,30.51,28.57,28.030001,30.540001,30.76,30.440001,2.52,2.3,2.45,2.5999999,2.4400001,2.3900001,2.51,2.48,2.27,2.3900001,2.6600001,2.49,2.5899999,2.46,2.3900001,2.5,2.3099999,2.26,2.5,2.52,2.49,2.03,1.8099999,1.96,2.1099999,1.95,1.9,2.02,2,1.78,1.9,2.1800001,2,2.1099999,1.98,1.9,2.02,1.83,1.77,2.02,2.04,2.01
Democratic Republic of the Congo,COD,5,0,98570247,34.48,26.35,32.740002,35.860001,35.810001,33.549999,35.810001,35.66,30.469999,33.919998,35.34,34.580002,38.040001,35.959999,37.669998,39.400002,34.48,37.299999,35.080002,30.65,32.310001,2.8900001,2.0899999,2.72,3.02,3.02,2.8,3.02,3,2.5,2.8299999,2.97,2.9000001,3.24,3.03,3.2,3.3699999,2.8900001,3.1700001,2.95,2.51,2.6800001,,NA,,NA,,NA,,NA,,NA,,NA,,NA,,NA,,NA,,NA,
Cook Islands,COK,5,0,7743,0.49000001,0.60000002,0.63999999,0.61000001,0.79000002,0.69999999,0.69999999,0.80000001,0.69999999,0.61000001,0.60000002,0.61000001,0.60000002,0.58999997,0.69,0.63,0.69,0.79000002,0.63999999,0.69999999,0.69999999,0,0,0,0,0,0,0,0,0,0,0,0,0,0,0,0,0,0,0,0,0,,NA,,NA,,NA,,NA,,NA,,NA,,NA,,NA,,NA,,NA,
Colombia,COL,5,25,48641764,10.64,9.0900002,11.96,15.61,14.4,16.290001,14.56,14.94,14.6,14.7,14.11,14.57,16.26,15.49,15.57,15.23,15.8,15.1,15.58,15.01,14.16,0.55000001,0.40000001,0.68000001,1.04,0.92000002,1.11,0.94,0.97000003,0.94,0.94999999,0.88999999,0.94,1.1,1.03,1.04,1,1.0599999,0.99000001,1.04,0.98000002,0.89999998,0,0,0,0,0,0,0,0,0,0,0,0,0,0,0,0,0,0,0,0,0
Comoros,COM,5,0,770719,5.2800002,5.04,5.1700001,5.5799999,4.4299998,5.1900001,4.4000001,5.0500002,6.0300002,6.3699999,5.0799999,6.0700002,5.73,6.23,5.5599999,6.0799999,4.48,4.98,5.5100002,5.9200001,5.5,0.029999999,0.0099999998,0.02,0.059999999,0,0.029999999,0,0.0099999998,0.1,0.13,0.02,0.1,0.07,0.12,0.050000001,0.11,0,0.02,0.050000001,0.090000004,0.050000001,,NA,,NA,,NA,,NA,,NA,,NA,,NA,,NA,,NA,,NA,
Cape Verde,CPV,5,0,575838,2.71,2.74,2.4200001,2.21,1.99,2.3199999,2.04,2.3,2.27,2.1500001,2.1199999,1.9299999,2.24,1.83,1.84,1.92,1.65,2.05,1.87,2.01,2.04,0,0,0,0,0,0,0,0,0,0,0,0,0,0,0,0,0,0,0,0,0,,NA,,NA,,NA,,NA,,NA,,NA,,NA,,NA,,NA,,NA,
Costa Rica,CRI,5,0,5043136,10.78,8.25,8.1899996,9.4499998,8.4799995,10.58,9.1999998,11.15,10.71,11.24,10.89,10.54,13.26,12.43,11.1,11.34,10.62,10.11,11.4,11.88,10.03,0.56999999,0.31999999,0.31,0.44,0.34,0.55000001,0.41,0.60000002,0.56,0.61000001,0.57999998,0.54000002,0.81,0.73000002,0.60000002,0.62,0.55000001,0.5,0.63,0.67000002,0.49000001,,NA,,NA,,NA,,NA,,NA,,NA,,NA,,NA,,NA,,NA,
Cuba,CUB,5,0,11116383,7.5999999,7,7.0100002,6.96,7.1999998,7.0100002,6.5500002,6.8699999,6.3899999,5.9299998,5.0700002,5.6399999,6.27,6.4200001,5.4699998,5.5700002,5.73,5.5700002,5.4699998,5.5900002,5.4000001,0.25999999,0.2,0.2,0.19,0.22,0.2,0.15000001,0.18000001,0.14,0.1,0.029999999,0.079999998,0.13,0.14,0.07,0.07,0.090000004,0.079999998,0.059999999,0.07,0.059999999,,NA,,NA,,NA,,NA,,NA,,NA,,NA,,NA,,NA,,NA,
Curaçao,CUW,5,0,150809,2.96,3.6700001,2.5699999,2.76,2.46,3.3499999,3.25,3.8499999,3.0599999,3.45,3.6900001,2.76,5.7800002,3.55,3.3499999,2.8499999,2.45,2.51,3.4400001,3.4400001,2.6500001,0,0,0,0,0,0,0,0,0,0,0,0,0.079999998,0,0,0,0,0,0,0,0,,NA,,NA,,NA,,NA,,NA,,NA,,NA,,NA,,NA,,NA,
Christmas Island,CXR,5,0,1721,2.29,2.8900001,2.1900001,2.49,2.3,2.0899999,2.49,2.29,2.79,2.8800001,2.0799999,2.79,2.0899999,2.49,2.99,2.49,3.5799999,3.6800001,3.5899999,2.1900001,2.49,0,0,0,0,0,0,0,0,0,0,0,0,0,0,0,0,0,0,0,0,0,,NA,,NA,,NA,,NA,,NA,,NA,,NA,,NA,,NA,,NA,
Cayman Islands,CYM,5,0,60781,7.1700001,6.6599998,6.1300001,5.3200002,6.6900001,6.8400002,5.5900002,6.1599998,6.1100001,5.8400002,5.23,5.6500001,5.4899998,6.48,5.3200002,5.3299999,5.8099999,6.3099999,5.27,5.1700001,6.02,0.20999999,0.16,0.11,0.029999999,0.17,0.18000001,0.059999999,0.11,0.11,0.079999998,0.02,0.059999999,0.050000001,0.14,0.029999999,0.029999999,0.079999998,0.13,0.029999999,0.02,0.1,,NA,,NA,,NA,,NA,,NA,,NA,,NA,,NA,,NA,,NA,
Cyprus,CYP,5,25,835717,12.06,12.03,14.51,13.57,11.79,12.09,11.49,12.54,12.75,13.07,12.87,13.35,11.5,16.940001,18.24,12.23,11.99,12.36,11.24,11.76,10.46,0.69,0.69,0.93000001,0.83999997,0.67000002,0.69999999,0.63999999,0.74000001,0.75999999,0.79000002,0.76999998,0.81999999,0.63999999,1.17,1.3,0.70999998,0.69,0.72000003,0.61000001,0.66000003,0.54000002,0,0,0,0,0,0,0,0,0,0,0,0,0,0,0,0,0,0,0,0,0
Czech Republic,CZE,5,25,10703192,20.360001,19.42,18.68,20.200001,21.75,21.65,19.280001,21.42,21.209999,15.63,15.48,17.59,20.32,18.799999,16.68,17.65,16.780001,14.94,15.16,15.2,15.53,1.51,1.41,1.34,1.49,1.64,1.63,1.4,1.61,1.59,1.04,1.03,1.23,1.5,1.35,1.14,1.24,1.15,0.97000003,1,1,1.03,0.059999999,0.050000001,0.02,0.050000001,0.079999998,0.079999998,0.029999999,0.059999999,0.059999999,0,0,0.02,0.059999999,0.029999999,0.0099999998,0.02,0,0,0,0,0
Germany,DEU,5,25,80299246,14.94,14.15,13.27,13.32,13.77,14.86,13.36,13.52,13.82,11.94,12.21,13.47,14.47,13.79,11.28,12.26,11.84,10.67,10.59,10.57,10.83,0.97000003,0.89999998,0.81,0.81999999,0.86000001,0.97000003,0.81999999,0.82999998,0.86000001,0.68000001,0.70999998,0.82999998,0.93000001,0.86000001,0.62,0.70999998,0.67000002,0.56,0.55000001,0.55000001,0.56999999,0,0,0,0,0,0,0,0,0,0,0,0,0,0,0,0,0,0,0,0,0
Djibouti,DJI,5,0,902209,13.52,15.65,16.190001,14.15,15.7,15.81,15.9,16.309999,17.26,18.02,16.389999,17.15,18.77,20.17,18.190001,17.469999,17.549999,18.450001,17.620001,18.969999,19.52,0.83999997,1.04,1.1,0.89999998,1.05,1.0599999,1.0700001,1.11,1.2,1.28,1.12,1.1900001,1.35,1.49,1.29,1.22,1.23,1.3200001,1.24,1.37,1.42,,NA,,NA,,NA,,NA,,NA,,NA,,NA,,NA,,NA,,NA,
Dominica,DMA,5,0,74144,1.9,2.4100001,2.0599999,2.3599999,1.8099999,2.1600001,2.1900001,2.5899999,2.3699999,2.0699999,2.0999999,2.1900001,2.8900001,2.1199999,2.1500001,1.78,1.75,1.9,2.1300001,1.9400001,1.75,0,0,0,0,0,0,0,0,0,0,0,0,0,0,0,0,0,0,0,0,0,,NA,,NA,,NA,,NA,,NA,,NA,,NA,,NA,,NA,,NA,
Denmark,DNK,5,25,5809832,11.51,11.48,11.44,10.23,10.78,12.25,8.8500004,9.25,10,8.8500004,8.5100002,9.6999998,10.11,11.31,8.1400003,7.8400002,9.54,7.8000002,7.3099999,7.1100001,8.6499996,0.63999999,0.63999999,0.63,0.50999999,0.56999999,0.70999998,0.38,0.41999999,0.49000001,0.38,0.34,0.46000001,0.5,0.62,0.31,0.28,0.44999999,0.27000001,0.23,0.20999999,0.36000001,0,0,0,0,0,0,0,0,0,0,0,0,0,0,0,0,0,0,0,0,0
Dominican Republic,DOM,5,15,10375646,5.8499999,5.8499999,5.5999999,7.0799999,6.48,7.1500001,5.79,7.79,6.9200001,6.6900001,5.9699998,6.1100001,7.3899999,6.48,6.1500001,6.23,6.8400002,6.5999999,7.1700001,7.4699998,7.0700002,0.1,0.1,0.079999998,0.20999999,0.16,0.22,0.11,0.28,0.2,0.18000001,0.12,0.14,0.23999999,0.17,0.14,0.15000001,0.2,0.18000001,0.23,0.25999999,0.22,0,0,0,0,0,0,0,0,0,0,0,0,0,0,0,0,0,0,0,0,0
Algeria,DZA,5,0,42327578,6.1500001,5.52,5.9200001,5.9699998,5.9699998,7.27,5.3400002,6.6999998,6.7199998,6.52,5.4899998,6.23,5.2199998,6.5500002,6.5100002,6.1300001,5.0500002,6.5700002,5.29,6.21,5.6999998,0.13,0.07,0.11,0.11,0.11,0.23,0.050000001,0.17,0.17,0.16,0.059999999,0.13,0.039999999,0.16,0.16,0.12,0.029999999,0.16,0.050000001,0.13,0.079999998,,NA,,NA,,NA,,NA,,NA,,NA,,NA,,NA,,NA,,NA,
Ecuador,ECU,5,15,16696991,10.16,9.7600002,12.37,14.58,14.73,15.24,16.09,17.200001,16.030001,16.219999,16.51,16.27,18.030001,16.280001,16.440001,16.34,16.09,16.200001,16.559999,15.88,15.63,0.50999999,0.47,0.72000003,0.94,0.94999999,1,1.09,1.2,1.08,1.1,1.13,1.1,1.28,1.11,1.12,1.11,1.09,1.1,1.13,1.0700001,1.04,0,0,0.0099999998,0.079999998,0.090000004,0.12,0.17,0.25,0.17,0.17,0.20999999,0.19,0.33000001,0.19,0.2,0.19,0.17,0.19,0.20999999,0.16,0.15000001
Egypt,EGY,5,0,101789667,17.32,17.99,20.209999,17.43,15.62,15.49,15.41,15.93,17.68,17.059999,16.610001,16.690001,15.1,18.49,19.940001,16.200001,16.440001,17.9,17.129999,18.93,17.120001,1.21,1.27,1.49,1.22,1.04,1.03,1.02,1.0700001,1.24,1.1799999,1.14,1.15,0.99000001,1.3200001,1.46,1.1,1.12,1.26,1.1900001,1.36,1.1900001,,NA,,NA,,NA,,NA,,NA,,NA,,NA,,NA,,NA,,NA,
Eritrea,ERI,5,0,6009776,10.99,11.14,11.82,10.68,11.91,11.77,10.64,11.24,12.03,12.6,12.66,12.32,12.13,14.24,12.74,11.69,12.33,13.27,12.57,14.63,13.62,0.58999997,0.60000002,0.67000002,0.56,0.68000001,0.66000003,0.55000001,0.61000001,0.69,0.74000001,0.75,0.72000003,0.69999999,0.91000003,0.75999999,0.66000003,0.72000003,0.81,0.74000001,0.94,0.83999997,,NA,,NA,,NA,,NA,,NA,,NA,,NA,,NA,,NA,,NA,
Western Sahara,ESH,5,0,636068,4.6999998,5.9699998,4.5300002,4.4499998,4.6500001,4.2199998,3.8900001,4.29,3.9200001,4.4299998,3.4300001,3.3699999,3.0899999,3.1500001,2.8099999,3.3,3.9000001,3.01,3.4400001,3.3,4.9000001,0.050000001,0.15000001,0.050000001,0.039999999,0.029999999,0.0099999998,0,0.0099999998,0,0.0099999998,0,0,0,0,0,0,0,0,0,0,0.039999999,,NA,,NA,,NA,,NA,,NA,,NA,,NA,,NA,,NA,,NA,
Spain,ESP,5,25,49634985,8.6599998,8.5,8.9899998,9.1899996,9.4799995,9.21,9,9.5299997,9.3199997,9.6400003,7.71,8.1099997,7.3400002,8.1499996,7.6999998,7.3600001,6.4299998,7.3299999,6.6300001,6.6500001,6.9200001,0.37,0.34999999,0.40000001,0.41999999,0.44999999,0.41999999,0.40000001,0.44999999,0.43000001,0.46000001,0.28,0.31999999,0.23999999,0.31999999,0.28,0.23999999,0.16,0.23999999,0.18000001,0.18000001,0.2,0,0,0,0,0,0,0,0,0,0,0,0,0,0,0,0,0,0,0,0,0
Estonia,EST,5,25,1234331,8.9399996,9.2799997,7.48,8,8.6000004,8.5200005,7.8299999,8.0299997,9.3400002,8.71,7.98,8.2200003,9.0299997,7.1700001,7.5300002,7.3000002,8.0600004,6.3000002,5.8800001,5.3299999,6.9899998,0.38999999,0.41999999,0.23999999,0.28999999,0.34999999,0.34,0.28,0.30000001,0.43000001,0.36000001,0.28999999,0.31999999,0.40000001,0.20999999,0.25,0.23,0.30000001,0.13,0.090000004,0.059999999,0.19,0,0,0,0,0,0,0,0,0,0,0,0,0,0,0,0,0,0,0,0,0
Ethiopia,ETH,5,0,108433029,6.9899998,6.8099999,11.69,13.84,13.84,13.55,13.43,14.13,14.94,16.459999,15.13,15.29,16.41,17.4,15.51,16.27,15.98,17.309999,16.34,16.379999,15.95,0.2,0.18000001,0.66000003,0.87,0.87,0.83999997,0.82999998,0.88999999,0.97000003,1.12,0.99000001,1.01,1.12,1.21,1.03,1.1,1.08,1.21,1.11,1.12,1.0700001,,NA,,NA,,NA,,NA,,NA,,NA,,NA,,NA,,NA,,NA,
Finland,FIN,5,25,5504640,6.77,7.0599999,6.0300002,6.21,6.21,6.5799999,6.3200002,6.25,7.3699999,6.5700002,5.75,6.1599998,6.9699998,5.8000002,5.9200001,5.3200002,6.2199998,4.77,4.6799998,4.0500002,4.9299998,0.18000001,0.2,0.11,0.13,0.13,0.16,0.14,0.13,0.23,0.16,0.090000004,0.12,0.2,0.090000004,0.1,0.050000001,0.13,0.0099999998,0.0099999998,0,0.029999999,0,0,0,0,0,0,0,0,0,0,0,0,0,0,0,0,0,0,0,0,0
Fiji,FJI,5,0,932148,1.2,1.87,1.85,1.7,1.7,1.63,1.72,1.76,1.65,1.89,2.6800001,1.86,1.88,2.04,1.76,1.83,1.7,1.89,1.76,2.24,2.04,0,0,0,0,0,0,0,0,0,0,0,0,0,0,0,0,0,0,0,0,0,,NA,,NA,,NA,,NA,,NA,,NA,,NA,,NA,,NA,,NA,
Falkland Islands,FLK,5,0,3195,0.89999998,1,0.81999999,0.89999998,1.0700001,0.97000003,0.89999998,1.1,1.11,1.2,1.3099999,1.02,1.02,1.21,1,1.01,1.2,1.05,1.11,1.02,1.11,0,0,0,0,0,0,0,0,0,0,0,0,0,0,0,0,0,0,0,0,0,,NA,,NA,,NA,,NA,,NA,,NA,,NA,,NA,,NA,,NA,
France,FRA,5,25,65439249,13.14,12.58,11.14,12.77,11.98,12.67,10.75,11.29,11.05,11.11,11.42,12.81,13.91,13.22,11.53,12.43,9.0600004,9.8299999,9.3299999,8.8299999,8.8000002,0.80000001,0.74000001,0.60000002,0.75999999,0.68000001,0.75,0.56,0.62,0.58999997,0.60000002,0.63,0.76999998,0.87,0.81,0.63999999,0.73000002,0.40000001,0.47,0.41999999,0.37,0.37,0,0,0,0,0,0,0,0,0,0,0,0,0,0,0,0,0,0,0,0,0
Faroe Islands,FRO,5,0,51319,1.91,2.1600001,2.0699999,2.0999999,2.21,2.8299999,2,1.76,2.3699999,1.89,2.1900001,2.21,2.03,2.02,1.6,2.24,2.6900001,1.88,1.4,1.88,1.95,0,0,0,0,0,0,0,0,0,0,0,0,0,0,0,0,0,0,0,0,0,,NA,,NA,,NA,,NA,,NA,,NA,,NA,,NA,,NA,,NA,
Micronesia,FSM,5,0,92193,0.54000002,0.64999998,0.67000002,0.69999999,1,0.87,0.97000003,0.81999999,0.97000003,0.76999998,0.66000003,1.0700001,0.70999998,0.93000001,0.88,0.91000003,1.29,1.42,0.81,0.69999999,0.88,0,0,0,0,0,0,0,0,0,0,0,0,0,0,0,0,0,0,0,0,0,,NA,,NA,,NA,,NA,,NA,,NA,,NA,,NA,,NA,,NA,
Gabon,GAB,5,0,2164606,18.700001,15.22,20.82,22.450001,19.860001,20.1,21.940001,17.639999,17.33,21.82,24.27,21.360001,22.84,22.83,21.82,24.32,21.48,23.389999,23.75,20.860001,22.4,1.34,1,1.55,1.71,1.46,1.48,1.66,1.24,1.21,1.65,1.89,1.6,1.75,1.75,1.65,1.89,1.61,1.8,1.84,1.55,1.7,,NA,,NA,,NA,,NA,,NA,,NA,,NA,,NA,,NA,,NA,
United Kingdom,GBR,5,25,65390345,11.33,9.9799995,9.8299999,10.57,10.33,12.01,9.3100004,9.5799999,9.6300001,9.5600004,9.1199999,9.2799997,10.59,10.52,9.1099997,10.23,9.6899996,8.04,8.6000004,8.25,8.5699997,0.62,0.49000001,0.47,0.55000001,0.51999998,0.69,0.41999999,0.44999999,0.44999999,0.44999999,0.41,0.41999999,0.55000001,0.54000002,0.40000001,0.50999999,0.46000001,0.30000001,0.36000001,0.31999999,0.34999999,0,0,0,0,0,0,0,0,0,0,0,0,0,0,0,0,0,0,0,0,0
Georgia,GEO,5,0,4940569,15.43,14.5,14.67,14.39,14.43,14.28,13.42,14.18,13.85,14.77,13.98,14.7,13.07,15.52,15.36,14.75,15.3,15.09,13.31,15.7,13.18,1.02,0.93000001,0.94999999,0.92000002,0.92000002,0.91000003,0.81999999,0.89999998,0.87,0.95999998,0.88,0.94999999,0.79000002,1.03,1.02,0.95999998,1.01,0.99000001,0.81,1.05,0.80000001,,NA,,NA,,NA,,NA,,NA,,NA,,NA,,NA,,NA,,NA,
Guernsey,GGY,5,0,64843,9.3800001,7.8899999,7.0799999,6.8800001,6.8800001,8.2799997,6.7800002,6.6900001,6.79,7.0900002,7.96,7.8600001,8.7399998,8.75,7.75,8.25,7.1599998,5.98,6.5799999,5.9899998,6.8899999,0.43000001,0.28,0.2,0.18000001,0.18000001,0.31999999,0.17,0.17,0.18000001,0.2,0.28999999,0.28,0.37,0.37,0.27000001,0.31999999,0.20999999,0.1,0.15000001,0.1,0.19,,NA,,NA,,NA,,NA,,NA,,NA,,NA,,NA,,NA,,NA,
Ghana,GHA,5,0,28698237,12.1,11.54,14.93,15.01,14.12,14.97,15.16,15.48,14.49,14.8,15.66,14.98,14.88,14.71,12.59,11.93,12.15,12.81,13.45,13.26,13.07,0.69999999,0.63999999,0.97000003,0.98000002,0.88999999,0.98000002,1,1.03,0.93000001,0.95999998,1.04,0.98000002,0.97000003,0.94999999,0.74000001,0.68000001,0.69999999,0.76999998,0.82999998,0.81,0.79000002,,NA,,NA,,NA,,NA,,NA,,NA,,NA,,NA,,NA,,NA,
Gibraltar,GIB,5,0,30110,9.1999998,9.3999996,8.5,9.3999996,10.1,9.1000004,9,9.3000002,10,11.1,9.1000004,8.1999998,7.4000001,9,9,9.6000004,8.1000004,9.8000002,7.9000001,8,8.8999996,0.41,0.43000001,0.34,0.43000001,0.5,0.40000001,0.38999999,0.41999999,0.49000001,0.60000002,0.40000001,0.31,0.23999999,0.38999999,0.38999999,0.44999999,0.30000001,0.47,0.28,0.28999999,0.38,,NA,,NA,,NA,,NA,,NA,,NA,,NA,,NA,,NA,,NA,
Guinea,GIN,5,0,12182769,15.12,13.33,12.34,10.97,9.75,11.32,11.95,11.49,10.95,10.49,11.16,13.24,12.97,11.53,10.61,11.52,11.61,10.49,10.8,10.72,10.41,0.99000001,0.81999999,0.72000003,0.58999997,0.47,0.62,0.68000001,0.63999999,0.57999998,0.54000002,0.60000002,0.81,0.77999997,0.63999999,0.55000001,0.63999999,0.64999998,0.54000002,0.56999999,0.56,0.52999997,,NA,,NA,,NA,,NA,,NA,,NA,,NA,,NA,,NA,,NA,
Guadeloupe,GLP,5,25,390991,1.96,2.47,2.28,2.45,1.95,2.1800001,2.3299999,2.6099999,2.46,2.0899999,2.1400001,2.1500001,2.98,2.1700001,2.2,1.78,1.86,1.97,2.2,2.0699999,1.89,0,0,0,0,0,0,0,0,0,0,0,0,0,0,0,0,0,0,0,0,0,0,0,0,0,0,0,0,0,0,0,0,0,0,0,0,0,0,0,0,0,0
Gambia,GMB,5,0,2136200,6.6799998,7.0500002,6.5700002,5.4499998,4.96,5.75,5.4099998,5.8600001,6.3200002,5.8899999,6.1100001,6.77,6.9899998,6.1100001,6.3600001,6.1700001,6.1900001,6.6799998,5.9000001,6.1799998,5.5100002,0.16,0.2,0.15000001,0.050000001,0.029999999,0.07,0.050000001,0.079999998,0.13,0.090000004,0.11,0.17,0.2,0.11,0.13,0.11,0.12,0.16,0.090000004,0.12,0.050000001,,NA,,NA,,NA,,NA,,NA,,NA,,NA,,NA,,NA,,NA,
Guinea-Bissau,GNB,5,0,1867943,8.5100002,8.8199997,8.4899998,7.3499999,6.4200001,7.6799998,7.73,7.96,8.29,7.6399999,7.7600002,9.3199997,9.0600004,8.0200005,7.8099999,7.9699998,8.3900003,8.0600004,7.4099998,7.5300002,7.1500001,0.34,0.37,0.34,0.23,0.14,0.25999999,0.27000001,0.28999999,0.31999999,0.25999999,0.27000001,0.41999999,0.40000001,0.30000001,0.28,0.28999999,0.33000001,0.30000001,0.23999999,0.25,0.20999999,,NA,,NA,,NA,,NA,,NA,,NA,,NA,,NA,,NA,,NA,
Equatorial Guinea,GNQ,5,0,800425,22.85,19.139999,25.08,25.450001,24.219999,24.16,25.719999,22.370001,21.01,25.24,27.66,25.57,27.549999,26.23,24.49,27.139999,24,26.030001,27.6,25.68,26.09,1.75,1.39,1.97,2,1.88,1.88,2.03,1.7,1.5700001,1.98,2.22,2.02,2.21,2.0799999,1.91,2.1700001,1.86,2.0599999,2.22,2.03,2.0699999,,NA,,NA,,NA,,NA,,NA,,NA,,NA,,NA,,NA,,NA,
Greece,GRC,5,25,10715851,14.69,13.46,14.93,14.33,15.11,16.280001,13.28,14.91,15.78,16.17,14.22,12.95,9.9499998,15.85,14.27,10.75,11.2,12.01,11.29,11.62,10.89,0.94999999,0.82999998,0.97000003,0.91000003,0.99000001,1.11,0.81,0.97000003,1.0599999,1.09,0.89999998,0.77999997,0.49000001,1.0599999,0.91000003,0.56,0.61000001,0.69,0.62,0.64999998,0.57999998,0,0,0,0,0,0,0,0,0,0,0,0,0,0,0,0,0,0,0,0,0
Grenada,GRD,5,0,112665,1.9,2.51,2.0699999,2.5,1.99,2.1800001,2.05,2.22,2.1199999,2.0599999,2.22,2.25,3.21,2.22,2.28,1.88,1.76,2.03,2.2,2.4200001,1.9,0,0,0,0,0,0,0,0,0,0,0,0,0,0,0,0,0,0,0,0,0,,NA,,NA,,NA,,NA,,NA,,NA,,NA,,NA,,NA,,NA,
Greenland,GRL,5,0,37906,1.3,1.3200001,1.15,0.94,1.03,1.15,1.26,1.02,1.02,1.02,1.33,1.05,1.0599999,1.09,1.1900001,1.0700001,1.26,0.94999999,0.85000002,1.0700001,0.82999998,0,0,0,0,0,0,0,0,0,0,0,0,0,0,0,0,0,0,0,0,0,,NA,,NA,,NA,,NA,,NA,,NA,,NA,,NA,,NA,,NA,
Guatemala,GTM,5,10,16876371,26.879999,20.469999,27.870001,25.26,24.67,29.91,23.040001,29.82,25.950001,27.17,25.950001,27.129999,26.98,28.01,27.23,28.57,26.57,25.790001,27.02,26.91,24.610001,2.1400001,1.52,2.24,1.99,1.9299999,2.4400001,1.77,2.4300001,2.05,2.1700001,2.05,2.1700001,2.1500001,2.26,2.1800001,2.3099999,2.1099999,2.04,2.1600001,2.1500001,1.92,1.65,1.03,1.75,1.5,1.4400001,1.95,1.28,1.9400001,1.5599999,1.6799999,1.5599999,1.6799999,1.66,1.77,1.6900001,1.8200001,1.62,1.55,1.67,1.66,1.4299999
French Guiana,GUF,5,0,296063,3.6900001,3.99,3.8599999,5.5599999,4.7800002,5.0900002,5.2199998,5.1199999,5.0100002,4.8499999,5.73,5.6399999,5.0100002,4.8400002,4.96,4.6199999,4.1900001,4.5,4.6100001,4.6199999,4.48,0,0,0,0.059999999,0.02,0.039999999,0.039999999,0.039999999,0.039999999,0.029999999,0.07,0.059999999,0.039999999,0.029999999,0.029999999,0.0099999998,0.0099999998,0.02,0.02,0.02,0.0099999998,,NA,,NA,,NA,,NA,,NA,,NA,,NA,,NA,,NA,,NA,
Guam,GUM,5,12,168147,0.5,0.54000002,0.60000002,0.73000002,0.83999997,0.99000001,1.03,0.99000001,1.08,0.92000002,0.82999998,0.92000002,0.77999997,0.88999999,1.15,1.02,1.3099999,1.5700001,0.76999998,0.92000002,0.72000003,0,0,0,0,0,0,0,0,0,0,0,0,0,0,0,0,0,0,0,0,0,0,0,0,0,0,0,0,0,0,0,0,0,0,0,0,0,0,0,0,0,0
Guyana,GUY,5,0,723031,4.98,5.77,4.8099999,7.3600001,6.3200002,7.3899999,6.5900002,7.21,6.4899998,6.2399998,7.4499998,6.6799998,7.6900001,6.3800001,6.4499998,5.8499999,5.46,5.6999998,6.1799998,5.4099998,5.1599998,0.0099999998,0.079999998,0.0099999998,0.23,0.13,0.23,0.16,0.22,0.15000001,0.12,0.23999999,0.17,0.25999999,0.14,0.14,0.090000004,0.059999999,0.07,0.12,0.050000001,0.039999999,,NA,,NA,,NA,,NA,,NA,,NA,,NA,,NA,,NA,,NA,
Honduras,HND,5,0,9137062,21.75,16.389999,21.620001,20.559999,20.139999,25.02,19.969999,26.24,22.27,22.290001,24.030001,22.110001,23.15,26.66,21.43,24.940001,22.35,20.68,20.92,21.889999,20.07,1.64,1.12,1.63,1.53,1.48,1.96,1.47,2.0799999,1.6900001,1.6900001,1.86,1.6799999,1.78,2.1199999,1.61,1.95,1.7,1.54,1.5599999,1.66,1.48,,NA,,NA,,NA,,NA,,NA,,NA,,NA,,NA,,NA,,NA,
Croatia,HRV,5,25,4250574,20.4,18.879999,18.030001,20.18,20.51,21.290001,19.32,21.450001,21.360001,17.26,16.85,17.51,17.85,21.57,17.889999,17.209999,14.9,17.959999,17.110001,16.82,16.209999,1.51,1.36,1.28,1.49,1.52,1.6,1.4,1.61,1.6,1.2,1.16,1.23,1.26,1.62,1.26,1.2,0.97000003,1.27,1.1900001,1.16,1.1,0,0,0,0.0099999998,0.0099999998,0.02,0,0.02,0,0,0,0,0,0.029999999,0.0099999998,0,0,0,0,0,0
Haiti,HTI,5,0,10953307,7.27,7.0599999,6.8000002,7.8000002,7.79,8.4300003,7.21,8.8500004,8.29,7.96,7.71,8.0799999,9.1899996,8.3999996,7.8099999,8.3299999,8.4300003,8.4899998,7.9899998,8.3999996,8.1599998,0.22,0.2,0.18000001,0.27000001,0.27000001,0.34,0.22,0.38,0.31999999,0.28999999,0.27000001,0.30000001,0.41,0.33000001,0.28,0.33000001,0.34,0.34,0.28999999,0.33000001,0.31,,NA,,NA,,NA,,NA,,NA,,NA,,NA,,NA,,NA,,NA,
Hungary,HUN,5,25,9801747,23.74,23.43,20.870001,23.17,23.629999,24.74,20.690001,21.700001,22.08,15.97,16.15,18.450001,18.76,21.83,18.15,17.559999,15.73,17.43,15.3,17.299999,15.65,1.84,1.8099999,1.5599999,1.78,1.83,1.9299999,1.54,1.64,1.67,1.0700001,1.09,1.3200001,1.35,1.65,1.29,1.23,1.05,1.22,1.01,1.21,1.04,0.07,0.059999999,0,0.059999999,0.07,0.13,0,0,0,0,0,0,0,0,0,0,0,0,0,0,0
Indonesia,IDN,5,0,262689519,12.97,13.38,14.38,15.44,18.85,16.309999,18.700001,18.23,22.309999,18.5,17.33,19.83,17.93,19.389999,19.549999,18.91,22.889999,24.469999,18.92,16.32,18.34,0.77999997,0.81999999,0.92000002,1.02,1.36,1.11,1.34,1.3,1.7,1.3200001,1.21,1.45,1.27,1.41,1.4299999,1.36,1.75,1.91,1.36,1.11,1.3099999,,NA,,NA,,NA,,NA,,NA,,NA,,NA,,NA,,NA,,NA,
Isle of Man,IMN,5,0,89967,6.5700002,5.9000001,5.3800001,6.4000001,6.25,7.8000002,4.7199998,5.3000002,5.6599998,5.8499999,5.3800001,5.4499998,6.2399998,5.9099998,5.1900001,6.5,5.3899999,5.0700002,4.8000002,4.5799999,5.3600001,0.15000001,0.090000004,0.039999999,0.14,0.12,0.27000001,0,0.029999999,0.059999999,0.079999998,0.039999999,0.039999999,0.12,0.090000004,0.02,0.15000001,0.039999999,0.0099999998,0,0,0.039999999,,NA,,NA,,NA,,NA,,NA,,NA,,NA,,NA,,NA,,NA,
India,IND,5,40,1311542259,34.560001,34.759998,37.66,41.560001,41.66,45.080002,44.5,45.540001,47.240002,49.040001,52.400002,52,52.330002,55.959999,50.970001,53.220001,51.700001,51.619999,55.099998,52.889999,53.450001,2.9000001,2.9200001,3.2,3.5799999,3.5899999,3.9300001,3.8699999,3.97,4.1399999,4.3200002,4.6399999,4.6100001,4.6399999,4.9899998,4.5100002,4.73,4.5799999,4.5700002,4.9099998,4.6900001,4.75,0.60000002,0.55000001,0.74000001,0.95999998,0.95999998,1.1900001,1.13,1.15,1.25,1.39,1.6900001,1.63,1.65,1.98,1.5700001,1.76,1.55,1.61,1.91,1.65,1.71
Ireland,IRL,5,25,5120739,6.1100001,5.6999998,5.4400001,6.73,5.9899998,7.4099998,5.0500002,5.6900001,5.4299998,5.9499998,5.54,5.3800001,6.6300001,5.54,5.4699998,6.4099998,5.04,4.5900002,4.9400001,4.1799998,4.79,0.11,0.079999998,0.059999999,0.17,0.1,0.23999999,0.029999999,0.079999998,0.059999999,0.1,0.07,0.059999999,0.16,0.07,0.07,0.14,0.029999999,0.0099999998,0.02,0,0.02,0,0,0,0,0,0,0,0,0,0,0,0,0,0,0,0,0,0,0,0,0
Iran,IRN,5,10,83898084,13.53,12.6,15.46,13.49,14.6,13.23,12.94,14.17,15.18,15.11,16.17,16.75,16.23,18.049999,17.889999,15.33,17.01,16.16,15.43,17.620001,16.5,0.83999997,0.74000001,1.03,0.82999998,0.94,0.81,0.77999997,0.89999998,1,0.99000001,1.09,1.15,1.1,1.28,1.26,1.01,1.1799999,1.09,1.02,1.24,1.13,0.37,0.30000001,0.54000002,0.36000001,0.44999999,0.33000001,0.30000001,0.41,0.50999999,0.50999999,0.60000002,0.66000003,0.61000001,0.79000002,0.76999998,0.51999998,0.69,0.61000001,0.52999997,0.75,0.63999999
Iraq,IRQ,5,0,40198879,18.200001,24.75,24.690001,19.92,20.059999,18.030001,17.84,21.309999,20.65,21.1,25.02,27.67,24.98,26.860001,28.65,25.950001,24.469999,24.799999,22.780001,25.110001,26.309999,1.29,1.9400001,1.9299999,1.46,1.48,1.28,1.26,1.6,1.53,1.58,1.96,2.22,1.96,2.1400001,2.3199999,2.05,1.91,1.9400001,1.74,1.97,2.0899999,,NA,,NA,,NA,,NA,,NA,,NA,,NA,,NA,,NA,,NA,
Iceland,ISL,5,0,330584,2.3199999,2.4100001,2.3199999,2.45,2.6700001,2.6700001,2.6800001,2.3900001,2.4000001,2.28,2.4100001,2.6300001,3.1500001,2.5599999,2.3800001,2.75,2.8800001,2.3499999,2.47,2.6500001,2.1300001,0,0,0,0,0,0,0,0,0,0,0,0,0,0,0,0,0,0,0,0,0,,NA,,NA,,NA,,NA,,NA,,NA,,NA,,NA,,NA,,NA,
Israel,ISR,5,25,8666252,10.45,10.73,13.41,12.33,10.98,10.58,10.14,10.43,11.18,11.22,10.74,11.32,10.98,12.18,13.24,11.39,10.39,12.81,10.6,12.15,11.84,0.52999997,0.56,0.81999999,0.72000003,0.58999997,0.55000001,0.5,0.52999997,0.61000001,0.61000001,0.56,0.62,0.58999997,0.69999999,0.81,0.63,0.52999997,0.76999998,0.55000001,0.69999999,0.67000002,0,0,0,0,0,0,0,0,0,0,0,0,0,0,0,0,0,0,0,0,0
Italy,ITA,5,25,62349304,17.620001,16.620001,17.690001,17,18.25,18.74,15.97,17.74,18.690001,17.540001,15.28,15.33,15.15,17.860001,15.66,14.75,11.66,15.44,12.82,14.73,12.11,1.24,1.14,1.24,1.1799999,1.3,1.35,1.0700001,1.25,1.34,1.23,1.01,1.01,0.99000001,1.26,1.04,0.95999998,0.64999998,1.02,0.76999998,0.94999999,0.69999999,0.050000001,0.02,0.050000001,0.039999999,0.090000004,0.07,0.02,0.059999999,0.090000004,0.07,0.0099999998,0.0099999998,0.0099999998,0.07,0.0099999998,0,0,0.0099999998,0,0.0099999998,0
Jamaica,JAM,5,15,2810520,8.6199999,9.29,9.1800003,9.3199997,10.15,10.84,10.68,12.2,12.08,10.31,11.21,10.93,12.73,11.24,11.17,10.69,11.33,10.82,10.87,10.8,10.53,0.36000001,0.41999999,0.41,0.41999999,0.5,0.56999999,0.56,0.70999998,0.69,0.51999998,0.61000001,0.57999998,0.75999999,0.61000001,0.60000002,0.56,0.62,0.56999999,0.57999998,0.56999999,0.54000002,0,0,0,0,0,0,0,0,0,0,0,0,0.02,0,0,0,0,0,0,0,0
Jersey,JEY,5,0,100348,9.8900003,8.71,7.5700002,7.73,7.3400002,8.4899998,7.21,7.0700002,7.27,7.8299999,8.6000004,8.6199999,9.4399996,9.5900002,8.4499998,9,7.5599999,6.75,7.1399999,6.4699998,7.4499998,0.47999999,0.36000001,0.25,0.27000001,0.23,0.34,0.22,0.2,0.22,0.28,0.34999999,0.34999999,0.43000001,0.44999999,0.34,0.38999999,0.25,0.17,0.20999999,0.14,0.23999999,,NA,,NA,,NA,,NA,,NA,,NA,,NA,,NA,,NA,,NA,
Jordan,JOR,5,15,10674363,13.14,13.56,16.790001,15.9,14.54,14.54,13.63,14.02,14.7,14.88,14.66,15.38,14.46,16.629999,18.9,15.55,14.31,17.58,16.110001,16.700001,16.700001,0.80000001,0.83999997,1.16,1.0700001,0.94,0.94,0.85000002,0.88,0.94999999,0.97000003,0.94999999,1.02,0.93000001,1.14,1.36,1.03,0.91000003,1.23,1.09,1.15,1.15,0.050000001,0.059999999,0.2,0.16,0.090000004,0.11,0.079999998,0.1,0.13,0.14,0.13,0.17,0.12,0.23,0.41,0.16,0.11,0.30000001,0.22,0.23,0.23999999
Japan,JPN,5,15,125846975,11.45,10.25,14.49,13.11,12.66,13.82,12.2,13.1,13.67,12.82,14.04,12.38,11.03,11.3,12.18,11.39,12.39,11.77,11.14,11.06,10.94,0.63,0.50999999,0.93000001,0.79000002,0.75,0.86000001,0.70999998,0.79000002,0.85000002,0.76999998,0.88999999,0.72000003,0.58999997,0.62,0.69999999,0.63,0.72000003,0.66000003,0.60000002,0.58999997,0.57999998,0,0,0.079999998,0.0099999998,0.0099999998,0.029999999,0,0.02,0.029999999,0.02,0.039999999,0.0099999998,0,0,0.0099999998,0,0.0099999998,0,0,0,0
Kazakhstan,KAZ,5,0,18921051,12.44,11.63,11.46,11.39,12.37,12.37,12.25,13.35,12.18,13.68,15.28,14.98,13.97,14.87,16.75,13.44,13.92,13.38,13.96,14.76,13.51,0.73000002,0.64999998,0.63,0.63,0.72000003,0.72000003,0.70999998,0.81999999,0.69999999,0.85000002,1.01,0.98000002,0.88,0.97000003,1.15,0.82999998,0.87,0.81999999,0.88,0.95999998,0.82999998,,NA,,NA,,NA,,NA,,NA,,NA,,NA,,NA,,NA,,NA,
Kenya,KEN,5,35,52328612,10.47,8.8599997,12.4,17.77,14.42,14.83,14.92,14.6,15.64,17.9,15.43,15.18,17.120001,17.110001,16.99,17.43,15.46,15.99,16.040001,13.96,15.89,0.54000002,0.38,0.72000003,1.25,0.92000002,0.95999998,0.97000003,0.94,1.04,1.26,1.02,1,1.1900001,1.1900001,1.17,1.22,1.03,1.08,1.08,0.88,1.0700001,0,0,0,0,0,0,0,0,0,0,0,0,0,0,0,0,0,0,0,0,0
Kyrgyzstan,KGZ,5,0,5799204,13.27,11.19,14.03,13.66,14.75,13.59,14.09,15.33,15.12,16.15,15.04,17.049999,13.91,17.24,18.790001,15.92,14.82,15.22,15.56,15.89,14.68,0.81,0.61000001,0.88999999,0.85000002,0.95999998,0.83999997,0.88999999,1.01,0.99000001,1.09,0.98000002,1.1799999,0.87,1.2,1.35,1.0700001,0.95999998,1,1.04,1.0700001,0.94999999,,NA,,NA,,NA,,NA,,NA,,NA,,NA,,NA,,NA,,NA,
Cambodia,KHM,5,0,16681346,13.3,12.89,15.47,15.64,15.56,17.440001,19.18,18.92,17.49,19.780001,18.889999,16.469999,17.940001,17.559999,15.2,18.950001,16.809999,15.82,15.77,15.6,17.83,0.81,0.76999998,1.03,1.04,1.04,1.22,1.39,1.36,1.22,1.45,1.36,1.12,1.27,1.23,1,1.37,1.16,1.0599999,1.0599999,1.04,1.26,,NA,,NA,,NA,,NA,,NA,,NA,,NA,,NA,,NA,,NA,
Kiribati,KIR,5,0,114738,0.69,0.63,0.74000001,0.75999999,1.1,0.89999998,0.93000001,1.14,1.05,0.79000002,0.70999998,1.02,0.75,0.67000002,0.81999999,0.88999999,1.1,1.5,0.83999997,0.74000001,0.89999998,0,0,0,0,0,0,0,0,0,0,0,0,0,0,0,0,0,0,0,0,0,,NA,,NA,,NA,,NA,,NA,,NA,,NA,,NA,,NA,,NA,
Saint Kitts and Nevis,KNA,5,0,53463,2.3199999,2.75,2.6199999,2.72,2.21,2.47,2.27,3.1600001,2.96,2.5899999,2.47,2.6800001,3.6500001,2.5899999,2.9400001,2.1500001,2.25,2.52,2.6199999,2.53,2.25,0,0,0,0,0,0,0,0,0,0,0,0,0,0,0,0,0,0,0,0,0,,NA,,NA,,NA,,NA,,NA,,NA,,NA,,NA,,NA,,NA,
South Korea,KOR,5,25,51614488,18.42,18.879999,22.139999,21.049999,19.16,26.200001,21.610001,22.309999,23.780001,23.889999,23.790001,22.860001,21.059999,21.67,21.99,23.290001,23.809999,22.93,22.450001,20.700001,20.559999,1.3200001,1.36,1.6799999,1.5700001,1.39,2.0799999,1.63,1.7,1.84,1.85,1.84,1.75,1.5700001,1.63,1.66,1.79,1.84,1.76,1.71,1.54,1.52,0,0,0.0099999998,0,0,0.17,0,0,0.050000001,0.050000001,0.050000001,0.02,0,0,0.0099999998,0.039999999,0.059999999,0.039999999,0.029999999,0,0
Kuwait,KWT,5,15,2958832,14.34,14.93,17.49,12.94,14.5,11.9,12.26,12.7,14.59,14.67,17.23,17.73,18.58,17.129999,19.969999,15.9,18.889999,18.99,13.11,17.559999,18.85,0.92000002,0.97000003,1.22,0.77999997,0.93000001,0.68000001,0.70999998,0.75,0.94,0.94999999,1.2,1.25,1.33,1.1900001,1.47,1.0700001,1.36,1.37,0.80000001,1.23,1.36,0.059999999,0.07,0.25,0,0.059999999,0,0,0,0.079999998,0.050000001,0.23,0.27000001,0.34999999,0.22,0.49000001,0.11,0.38,0.38999999,0,0.25,0.38
Laos,LAO,5,0,7365756,24.84,21.08,21.809999,23.530001,23.139999,23.08,29.42,28.959999,27.4,31.16,27.629999,26.389999,30.360001,27.74,25.809999,28.23,28.790001,25.65,28.370001,25.950001,23.83,1.9400001,1.58,1.65,1.8200001,1.78,1.77,2.3900001,2.3499999,2.2,2.5599999,2.22,2.0999999,2.49,2.23,2.04,2.28,2.3299999,2.02,2.29,2.05,1.85,,NA,,NA,,NA,,NA,,NA,,NA,,NA,,NA,,NA,,NA,
Lebanon,LBN,5,0,6756715,14.55,14.61,18.049999,16.49,15.43,15.12,13.85,14.6,14.92,15.25,13.9,15.12,13.36,16.9,17.809999,16.23,15.11,16.610001,15.13,15.96,15.7,0.94,0.94,1.28,1.13,1.02,0.99000001,0.87,0.94,0.97000003,1,0.87,0.99000001,0.81999999,1.17,1.26,1.1,0.99000001,1.14,0.99000001,1.0700001,1.05,,NA,,NA,,NA,,NA,,NA,,NA,,NA,,NA,,NA,,NA,
Liberia,LBR,5,0,4926685,13.85,12.19,11.42,11.69,11.18,12.32,11.73,12.56,11.82,11.15,12.26,14.48,12.77,12.32,10.45,11.73,11.36,11.52,11.51,10.91,10.65,0.87,0.70999998,0.63,0.66000003,0.61000001,0.72000003,0.66000003,0.74000001,0.67000002,0.60000002,0.70999998,0.93000001,0.75999999,0.72000003,0.52999997,0.66000003,0.62,0.63999999,0.63999999,0.57999998,0.55000001,,NA,,NA,,NA,,NA,,NA,,NA,,NA,,NA,,NA,,NA,
Libya,LBY,5,0,6758109,8.3500004,7.5599999,8.75,6.98,6.8099999,8.6899996,6.4899998,7.4000001,7.6599998,7.1700001,6.79,7.0300002,5.9099998,7.7399998,7.46,7.4400001,5.6300001,7.7199998,6.1599998,7.0999999,6.1799998,0.33000001,0.25999999,0.37,0.2,0.19,0.36000001,0.15000001,0.23999999,0.27000001,0.22,0.18000001,0.20999999,0.1,0.27000001,0.25,0.25,0.079999998,0.27000001,0.12,0.20999999,0.12,,NA,,NA,,NA,,NA,,NA,,NA,,NA,,NA,,NA,,NA,
Saint Lucia,LCA,5,0,166008,1.99,2.6099999,2.0999999,2.4200001,1.87,2.0999999,1.97,2.3599999,2.0799999,2,2.0699999,2.25,2.8800001,2.1500001,2.1500001,1.83,1.65,1.86,2.1300001,2.1500001,1.76,0,0,0,0,0,0,0,0,0,0,0,0,0,0,0,0,0,0,0,0,0,,NA,,NA,,NA,,NA,,NA,,NA,,NA,,NA,,NA,,NA,
Liechtenstein,LIE,5,0,38403,13.59,13.52,12.88,13.86,15.17,15.44,12.86,14.72,14.15,12.1,11.61,13.01,13.66,12.99,11.06,12.3,9.29,10.64,9.75,9.8900003,9.9200001,0.83999997,0.83999997,0.76999998,0.87,1,1.02,0.76999998,0.94999999,0.89999998,0.69999999,0.64999998,0.77999997,0.85000002,0.77999997,0.58999997,0.72000003,0.41999999,0.55000001,0.47,0.47999999,0.47999999,,NA,,NA,,NA,,NA,,NA,,NA,,NA,,NA,,NA,,NA,
Sri Lanka,LKA,5,25,22736505,11.32,12.69,14.97,17.219999,16.91,18.58,17.299999,19.459999,18.629999,19.49,19.76,20.26,21.370001,22.370001,20.790001,21.85,20.77,20.219999,19.370001,18.92,20.139999,0.62,0.75,0.98000002,1.2,1.17,1.33,1.21,1.42,1.34,1.42,1.45,1.5,1.6,1.7,1.55,1.65,1.55,1.49,1.41,1.36,1.48,0,0,0,0,0,0,0,0,0,0,0,0,0.029999999,0.07,0.02,0.050000001,0,0.02,0,0,0
Lesotho,LSO,5,0,1965459,20.120001,20.57,20.790001,22.91,23.52,25.16,23.59,25.73,26.860001,23.459999,24.530001,24.950001,27.25,24.940001,22.98,22.43,22.219999,22.459999,21.9,24.41,22.790001,1.48,1.53,1.55,1.76,1.8200001,1.98,1.8200001,2.03,2.1400001,1.8099999,1.91,1.96,2.1800001,1.95,1.76,1.71,1.6900001,1.71,1.66,1.9,1.74,,NA,,NA,,NA,,NA,,NA,,NA,,NA,,NA,,NA,,NA,
Lithuania,LTU,5,25,2760163,16.690001,15.84,13.96,13.99,15.69,14.61,13.54,13.3,14.59,13.89,15.71,15.33,17.25,14.21,14.26,14.02,14.28,12.47,10.96,11.16,12.88,1.15,1.0599999,0.88,0.88,1.05,0.94,0.83999997,0.81,0.94,0.87,1.05,1.01,1.2,0.89999998,0.91000003,0.88,0.91000003,0.73000002,0.57999998,0.60000002,0.76999998,0,0,0,0,0,0,0,0,0,0,0,0,0,0,0,0,0,0,0,0,0
Luxembourg,LUX,5,25,614663,14.96,13.96,11.83,11.77,12.02,13.77,12.92,12.48,12.51,12.06,12.73,13.98,14.14,13.49,11.81,13.35,10.55,10.65,10.11,9.6199999,9.6499996,0.98000002,0.88,0.67000002,0.66000003,0.69,0.86000001,0.77999997,0.73000002,0.74000001,0.69,0.75999999,0.88,0.89999998,0.82999998,0.67000002,0.81999999,0.54000002,0.55000001,0.5,0.44999999,0.46000001,0,0,0,0,0,0,0,0,0,0,0,0,0,0,0,0,0,0,0,0,0
Latvia,LVA,5,25,1900165,17.469999,17.719999,15.39,15.84,17.540001,16.67,14.66,15.34,16.82,17.309999,16.58,16.4,17.469999,13.89,14.94,14.49,15.34,13,11.95,11.75,14.3,1.22,1.25,1.02,1.0599999,1.23,1.14,0.94999999,1.01,1.16,1.21,1.13,1.12,1.22,0.87,0.97000003,0.93000001,1.01,0.77999997,0.68000001,0.66000003,0.91000003,0,0,0,0,0,0,0,0,0,0,0,0,0,0,0,0,0,0,0,0,0
Saint-Martin,MAF,5,0,32047,2.0799999,2.6800001,2.29,2.49,1.89,2.0699999,1.89,2.6700001,2.3800001,2.0899999,1.88,1.97,3.0799999,1.98,2.47,1.6900001,1.76,1.97,2.1600001,1.97,1.67,0,0,0,0,0,0,0,0,0,0,0,0,0,0,0,0,0,0,0,0,0,,NA,,NA,,NA,,NA,,NA,,NA,,NA,,NA,,NA,,NA,
Morocco,MAR,5,0,35272392,8.0799999,8.8199997,7.0900002,7.5,7.8099999,7.5900002,7.25,8.54,8.4499998,8.6400003,7.3899999,6.9000001,6.8699999,7.3099999,7.2600002,8.1099997,6.6500001,8.4499998,7.29,6.73,7.73,0.31999999,0.38,0.22,0.25999999,0.28,0.25999999,0.23,0.34999999,0.34,0.37,0.25,0.20999999,0.2,0.23999999,0.23999999,0.31,0.18000001,0.34999999,0.23999999,0.2,0.28,,NA,,NA,,NA,,NA,,NA,,NA,,NA,,NA,,NA,,NA,
Monaco,MCO,5,0,18599,13.6,12.4,13.3,14,14.7,15.8,13.3,14,13.5,13.2,11.4,12.5,13.8,13.9,13.2,11.6,9.3000002,11.6,10.3,11.6,10,0.83999997,0.73000002,0.81,0.88,0.94999999,1.0599999,0.81,0.88,0.82999998,0.80000001,0.63,0.74000001,0.86000001,0.87,0.80000001,0.64999998,0.41999999,0.64999998,0.51999998,0.64999998,0.49000001,,NA,,NA,,NA,,NA,,NA,,NA,,NA,,NA,,NA,,NA,
Moldova,MDA,5,0,3403077,18.709999,17.99,15.64,18.02,19.6,16.93,17.030001,17.530001,18.65,15.13,14.7,15.57,14.4,16.629999,17.42,15.57,15.79,14.74,14.71,16.92,14.21,1.34,1.27,1.04,1.28,1.4299999,1.17,1.1799999,1.23,1.34,0.99000001,0.94999999,1.04,0.92000002,1.14,1.22,1.04,1.0599999,0.94999999,0.94999999,1.17,0.89999998,,NA,,NA,,NA,,NA,,NA,,NA,,NA,,NA,,NA,,NA,
Madagascar,MDG,5,0,26232697,5.2399998,4.6599998,6.0900002,10.84,7.5999999,8.29,7.6300001,9.2200003,8.3900003,9.9799995,8.4700003,9.1499996,10.14,9.6099997,8.7299995,9.4799995,8.5900002,9.5600004,9.2399998,8.7399998,8.5699997,0.050000001,0.029999999,0.14,0.57999998,0.28,0.33000001,0.28,0.41999999,0.34,0.49000001,0.36000001,0.41999999,0.50999999,0.46000001,0.38,0.44999999,0.37,0.46000001,0.43000001,0.38,0.36000001,,NA,,NA,,NA,,NA,,NA,,NA,,NA,,NA,,NA,,NA,
Maldives,MDV,5,0,31949,8.3500004,9.4799995,10.19,10.62,11,12.26,12.14,11.15,12.01,15.06,13.39,14.07,12.07,15.28,12.66,13.02,13.82,12.3,15.21,14.01,14.63,0.41,0.5,0.50999999,0.55000001,0.58999997,0.70999998,0.69999999,0.60000002,0.69,0.99000001,0.81999999,0.88999999,0.69,1.01,0.75,0.79000002,0.86000001,0.72000003,1,0.88,0.94,,NA,,NA,,NA,,NA,,NA,,NA,,NA,,NA,,NA,,NA,
Mexico,MEX,5,15,127187461,18.559999,14.46,17.799999,17.85,17.91,18.870001,17.209999,18.5,17.379999,17.129999,16.559999,16.34,15.45,17.299999,16.540001,17.379999,15.79,16.620001,16.15,16.6,15.42,1.33,0.93000001,1.25,1.26,1.27,1.36,1.2,1.3200001,1.21,1.1900001,1.13,1.11,1.03,1.21,1.13,1.22,1.0599999,1.14,1.1,1.14,1.02,0.46000001,0.13,0.40000001,0.41999999,0.41999999,0.5,0.38,0.47999999,0.38,0.37,0.31999999,0.30000001,0.25999999,0.38,0.33000001,0.40000001,0.28,0.34,0.31,0.34,0.25
Marshall Islands,MHL,5,0,61792,0.5,0.47,0.47,0.47,0.60000002,0.57999998,0.56999999,0.63,0.66000003,0.56,0.56,0.57999998,0.72000003,0.63,0.56,0.66000003,0.73000002,0.67000002,0.56999999,0.56,0.74000001,0,0,0,0,0,0,0,0,0,0,0,0,0,0,0,0,0,0,0,0,0,,NA,,NA,,NA,,NA,,NA,,NA,,NA,,NA,,NA,,NA,
Macedonia,MKD,5,0,2114763,27.07,25.120001,28.35,27.799999,30.41,32.360001,27.190001,29.549999,31.16,30.27,27.24,25.77,21.77,33.900002,29.66,25.76,25.209999,27.57,24.82,24.93,24.91,2.1600001,1.97,2.29,2.23,2.49,2.6800001,2.1700001,2.4100001,2.5599999,2.48,2.1800001,2.04,1.64,2.8299999,2.4200001,2.03,1.98,2.21,1.9400001,1.95,1.95,,NA,,NA,,NA,,NA,,NA,,NA,,NA,,NA,,NA,,NA,
Mali,MLI,5,0,18962317,6.29,6.54,6.23,5.3299999,5.21,6.2600002,6.1199999,6.4000001,6.0799999,5.6999998,5.9200001,6.5999999,6.9400001,6.5999999,6.3600001,5.6199999,6.4099998,5.9299998,5.5599999,6.1100001,5.8099999,0.14,0.16,0.13,0.059999999,0.050000001,0.13,0.13,0.15000001,0.12,0.079999998,0.1,0.16,0.2,0.17,0.14,0.079999998,0.15000001,0.1,0.07,0.12,0.1,,NA,,NA,,NA,,NA,,NA,,NA,,NA,,NA,,NA,,NA,
Malta,MLT,5,0,453319,8.29,7.9000001,8.3400002,7.5999999,7.7399998,10.27,7.1999998,8.0500002,8.6700001,8.1300001,7.9000001,7.4499998,5.8699999,8.8000002,7.6599998,7.79,6.1500001,8.6800003,5.7199998,6.9699998,6.1199999,0.31999999,0.28,0.33000001,0.25999999,0.27000001,0.51999998,0.22,0.30000001,0.36000001,0.31,0.28,0.23999999,0.090000004,0.37,0.25999999,0.27000001,0.11,0.36000001,0.07,0.19,0.11,,NA,,NA,,NA,,NA,,NA,,NA,,NA,,NA,,NA,,NA,
Myanmar,MMR,5,0,55197772,25.700001,26.139999,23.34,25.43,26.32,26.719999,30.35,29.42,29.690001,32.52,29.639999,33.700001,32.209999,29.690001,29.73,32.009998,32.470001,29.959999,31.27,28.82,30.360001,2.03,2.0699999,1.8,2,2.0899999,2.1300001,2.48,2.3900001,2.4200001,2.7,2.4100001,2.8099999,2.6700001,2.4200001,2.4200001,2.6500001,2.6900001,2.45,2.5699999,2.3299999,2.49,,NA,,NA,,NA,,NA,,NA,,NA,,NA,,NA,,NA,,NA,
Montenegro,MNE,5,20,598882,17.549999,16.24,16.639999,17.059999,18.01,20.299999,16.5,17.959999,19.58,18.790001,15.73,15.7,14.04,21.58,19.360001,16.91,14.62,18.209999,16.030001,16.76,16.52,1.23,1.1,1.14,1.1799999,1.28,1.5,1.13,1.27,1.4299999,1.35,1.05,1.05,0.88999999,1.63,1.41,1.17,0.94,1.29,1.08,1.15,1.13,0.0099999998,0,0,0,0.02,0.13,0,0.0099999998,0.11,0.050000001,0,0,0,0.22,0.090000004,0.0099999998,0,0.029999999,0,0,0
Mongolia,MNG,5,25,3136538,30.309999,26.440001,24.799999,27.1,30.82,34.380001,27.040001,31.309999,34.59,36.59,35.959999,34.279999,31.98,35.66,35.450001,36.450001,34.23,31.860001,37.459999,34.59,29.299999,2.48,2.0999999,1.9400001,2.1700001,2.53,2.8800001,2.1600001,2.5799999,2.9000001,3.0999999,3.03,2.8699999,2.6400001,3,2.98,3.0799999,2.8599999,2.6300001,3.1800001,2.9000001,2.3800001,1.23,0.92000002,0.82999998,0.98000002,1.1900001,1.45,0.97000003,1.27,1.53,1.72,1.58,1.49,1.37,1.7,1.63,1.8099999,1.54,1.35,1.88,1.63,1.21
Northern Mariana Islands,MNP,5,0,51718,0.60000002,0.58999997,0.69999999,0.80000001,0.87,1,1,1.0700001,1,0.98000002,1.08,0.88999999,0.79000002,0.88999999,1.1900001,0.99000001,0.99000001,1.27,0.60000002,0.79000002,0.56999999,0,0,0,0,0,0,0,0,0,0,0,0,0,0,0,0,0,0,0,0,0,,NA,,NA,,NA,,NA,,NA,,NA,,NA,,NA,,NA,,NA,
Mozambique,MOZ,5,0,29330783,14.41,11.77,11.59,16.42,13.45,14.57,13.35,14.97,14.08,16.559999,15.05,13.7,15.2,13,14.32,14.09,12.57,14.01,12.42,11.67,13.86,0.92000002,0.66000003,0.64999998,1.12,0.82999998,0.94,0.81999999,0.98000002,0.88999999,1.13,0.98000002,0.85000002,1,0.77999997,0.91000003,0.88999999,0.74000001,0.88,0.73000002,0.64999998,0.87,,NA,,NA,,NA,,NA,,NA,,NA,,NA,,NA,,NA,,NA,
Mauritania,MRT,5,0,3980137,3.3199999,3.5699999,3.28,2.8800001,2.8199999,3.5899999,3.1500001,3.1900001,3.29,3.0699999,3.1099999,3.3399999,3.5999999,3.3299999,3.6400001,3.1199999,3.29,3.21,3.1600001,3.3499999,3,0,0.0099999998,0,0,0,0,0,0,0,0,0,0,0,0,0.0099999998,0,0.0099999998,0,0,0.0099999998,0,,NA,,NA,,NA,,NA,,NA,,NA,,NA,,NA,,NA,,NA,
Montserrat,MSR,5,0,5342,1.97,2.4000001,2.1700001,2.2,1.87,2.0999999,2.0999999,2.7,2.5699999,2.1700001,2.0699999,2.27,3.1500001,2.27,2.3499999,1.87,1.95,2.0699999,2.27,2.0699999,2,0,0,0,0,0,0,0,0,0,0,0,0,0,0,0,0,0,0,0,0,0,,NA,,NA,,NA,,NA,,NA,,NA,,NA,,NA,,NA,,NA,
Martinique,MTQ,5,25,372612,2.6300001,3.24,2.77,3.3,2.46,3.01,2.8900001,3.46,3.0899999,2.8,2.97,3.1600001,3.9000001,2.8599999,2.8900001,2.3499999,2.27,2.6099999,3.02,2.8,2.3199999,0,0,0,0,0,0,0,0,0,0,0,0,0,0,0,0,0,0,0,0,0,0,0,0,0,0,0,0,0,0,0,0,0,0,0,0,0,0,0,0,0,0
Mauritius,MUS,5,0,1325576,3.47,3.54,3.1500001,3.46,3.3299999,3.4000001,3.75,4.8299999,3.6700001,3.9100001,3.73,3.75,4.3099999,4.4200001,3.9400001,4.1500001,3.9100001,3.8599999,4.1900001,4.1900001,4.52,0,0,0,0,0,0,0,0.02,0,0,0,0,0,0,0,0,0,0,0,0,0,,NA,,NA,,NA,,NA,,NA,,NA,,NA,,NA,,NA,,NA,
Malawi,MWI,5,8,20454746,15.04,12.83,13.72,21.440001,19.139999,19.610001,18,19.219999,18.23,22.66,20.48,18.709999,19.959999,18.6,19.040001,19.1,17.799999,18.780001,16.68,15.98,17.690001,0.98000002,0.76999998,0.85000002,1.61,1.39,1.4299999,1.27,1.39,1.3,1.73,1.52,1.34,1.47,1.33,1.38,1.38,1.25,1.35,1.14,1.08,1.24,0.69,0.47,0.56,1.3200001,1.09,1.14,0.98000002,1.1,1,1.4400001,1.22,1.05,1.17,1.04,1.08,1.09,0.95999998,1.0599999,0.85000002,0.77999997,0.94999999
Malaysia,MYS,5,35,32159348,11.99,11,13.66,12.69,16.030001,13.93,16.43,16.07,20.639999,14.38,13.78,18.059999,13.27,16.360001,16.559999,17.459999,18.59,22.59,14.27,12.99,14,0.68000001,0.58999997,0.85000002,0.75,1.08,0.88,1.12,1.08,1.53,0.92000002,0.86000001,1.28,0.81,1.11,1.13,1.22,1.33,1.72,0.91000003,0.77999997,0.88,0,0,0,0,0,0,0,0,0,0,0,0,0,0,0,0,0,0,0,0,0
Mayotte,MYT,5,25,245401,6.6999998,6.5799999,6.5,6.9899998,5.5100002,6.4699998,5.1500001,6.3099999,7.1399999,7.3899999,6.3099999,7.8800001,7.2399998,8.0100002,6.6500001,7.96,5.4899998,6.3400002,6.77,7.0999999,6.6900001,0.17,0.15000001,0.15000001,0.19,0.050000001,0.14,0.02,0.13,0.20999999,0.23,0.13,0.28,0.22,0.28999999,0.16,0.28999999,0.050000001,0.13,0.17,0.20999999,0.17,0,0,0,0,0,0,0,0,0,0,0,0,0,0,0,0,0,0,0,0,0
Namibia,NAM,5,0,2578423,14.49,13.97,12.48,14.67,14.14,14.67,13.03,15.58,14.49,15.69,18.379999,16.02,18.379999,17.1,15.42,14.83,13.18,14.52,13.9,14.33,14.3,0.93000001,0.88,0.73000002,0.94999999,0.89999998,0.94999999,0.79000002,1.04,0.93000001,1.05,1.3099999,1.08,1.3099999,1.1900001,1.02,0.97000003,0.80000001,0.93000001,0.87,0.92000002,0.91000003,,NA,,NA,,NA,,NA,,NA,,NA,,NA,,NA,,NA,,NA,
New Caledonia,NCL,5,25,282622,1.96,1.83,2.3,2.6500001,2.21,1.97,2.0799999,2.0999999,1.83,2.2,2.53,2.3299999,2.49,2.6500001,2.46,2.5,2.3399999,2.3399999,2.75,2.46,2.6500001,0,0,0,0,0,0,0,0,0,0,0,0,0,0,0,0,0,0,0,0,0,0,0,0,0,0,0,0,0,0,0,0,0,0,0,0,0,0,0,0,0,0
Niger,NER,5,0,21969069,8.6700001,8.1000004,7.6900001,7.54,8,9.1000004,9.1300001,9.1300001,9.6199999,9.8100004,10.02,10.46,11.28,10.03,11.11,8.9399996,9.8000002,10.07,9.9899998,10.61,10.96,0.37,0.31,0.27000001,0.25999999,0.30000001,0.41,0.41,0.41,0.46000001,0.47,0.5,0.54000002,0.62,0.5,0.60000002,0.38999999,0.47999999,0.5,0.49000001,0.55000001,0.58999997,,NA,,NA,,NA,,NA,,NA,,NA,,NA,,NA,,NA,,NA,
Norfolk Island,NFK,5,0,1748,1.1,1,1.2,1.1,1.4,1.2,1.2,1.2,1.3,1.2,1,1.3,1.2,1.2,1.2,1.2,1.3,1.2,1.2,1.2,1.2,0,0,0,0,0,0,0,0,0,0,0,0,0,0,0,0,0,0,0,0,0,,NA,,NA,,NA,,NA,,NA,,NA,,NA,,NA,,NA,,NA,
Nigeria,NGA,5,0,208379440,20.950001,18.309999,20.66,21.6,21.32,21.280001,22.41,22.41,21.280001,22.01,23.92,22.530001,23.709999,22.15,22.02,20.49,20.440001,20.450001,23.1,22.9,23.469999,1.5599999,1.3,1.53,1.63,1.6,1.6,1.71,1.71,1.6,1.67,1.85,1.72,1.83,1.6799999,1.67,1.52,1.51,1.51,1.77,1.75,1.8099999,,NA,,NA,,NA,,NA,,NA,,NA,,NA,,NA,,NA,,NA,
Nicaragua,NIC,5,0,6135877,14.3,11.45,10.78,12.19,11.86,13.91,12.05,15.52,12.34,13.53,12.79,10.78,14.49,13.39,11.52,12.83,10.52,10.32,12.26,12.94,10.69,0.91000003,0.63,0.56999999,0.69999999,0.67000002,0.87,0.69,1.03,0.72000003,0.83999997,0.75999999,0.56999999,0.93000001,0.81999999,0.63999999,0.76999998,0.54000002,0.51999998,0.70999998,0.77999997,0.56,,NA,,NA,,NA,,NA,,NA,,NA,,NA,,NA,,NA,,NA,
Niue,NIU,5,0,1864,0.41,0.5,0.63,0.50999999,0.69999999,0.60000002,0.61000001,0.70999998,0.69999999,0.60000002,0.69999999,0.69999999,0.60000002,0.60000002,0.61000001,0.61000001,0.61000001,0.68000001,0.60000002,0.70999998,0.70999998,0,0,0,0,0,0,0,0,0,0,0,0,0,0,0,0,0,0,0,0,0,,NA,,NA,,NA,,NA,,NA,,NA,,NA,,NA,,NA,,NA,
Netherlands,NLD,5,25,17179625,14.49,12.77,13.13,12.39,13.23,14.4,12.7,12.37,12.54,12.83,13.66,14.16,14.59,14.18,11.38,12.16,11.49,10.44,10.22,10,10.88,0.93000001,0.75999999,0.80000001,0.72000003,0.81,0.92000002,0.75,0.72000003,0.74000001,0.76999998,0.85000002,0.89999998,0.94,0.89999998,0.62,0.69999999,0.63999999,0.52999997,0.50999999,0.49000001,0.57999998,0,0,0,0,0,0,0,0,0,0,0,0,0,0,0,0,0,0,0,0,0
Norway,NOR,5,15,5092532,6.8099999,6.6500001,6.4699998,6.1199999,6.4899998,7.0599999,5.71,5.6100001,6.4400001,5.27,5.2800002,5.75,6.3299999,6.0100002,5.1599998,5.0999999,5.3699999,4.3099999,4.6500001,4.1799998,5.1599998,0.2,0.19,0.17,0.15000001,0.17,0.22,0.11,0.1,0.16,0.090000004,0.079999998,0.11,0.16,0.14,0.079999998,0.07,0.07,0.02,0.039999999,0.02,0.07,0,0,0,0,0,0,0,0,0,0,0,0,0,0,0,0,0,0,0,0,0
Nepal,NPL,5,0,30033957,29.110001,29.379999,37.240002,42.220001,38.119999,40.09,41.080002,40.610001,46.540001,46.790001,47.889999,51.529999,43.82,48.509998,46.48,45.310001,45.02,47.470001,48.34,44.759998,48.77,2.3599999,2.3900001,3.1600001,3.6500001,3.25,3.4400001,3.54,3.49,4.0700002,4.0999999,4.1999998,4.5599999,3.8,4.2600002,4.0599999,3.95,3.9200001,4.1599998,4.25,3.9000001,4.29,,NA,,NA,,NA,,NA,,NA,,NA,,NA,,NA,,NA,,NA,
Nauru,NRU,5,0,5885,0.89999998,0.69999999,0.89999998,1,1.7,1.1,1.3,1.1,1.3,1,0.69999999,1.2,0.89999998,0.80000001,1.2,1.1,1.7,2.4000001,1.1,1,1.2,0,0,0,0,0,0,0,0,0,0,0,0,0,0,0,0,0,0,0,0,0,,NA,,NA,,NA,,NA,,NA,,NA,,NA,,NA,,NA,,NA,
New Zealand,NZL,5,0,4854678,2,2.1199999,2.1800001,2.47,2.24,2.5699999,2.24,2.55,2.4000001,2.6099999,2.45,2.3900001,2.5699999,2.5599999,2.49,2.72,2.3699999,2.3399999,2.3,2.75,2.4300001,0,0,0,0,0,0,0,0,0,0,0,0,0,0,0,0,0,0,0,0,0,,NA,,NA,,NA,,NA,,NA,,NA,,NA,,NA,,NA,,NA,
Oman,OMN,5,0,3565409,9.9799995,10.39,11.38,10.02,11.03,9.1800003,9.3000002,9.4799995,12.47,10.82,12.46,13.64,12.65,12.37,13.46,12.82,13.25,12.52,12.96,11.83,13.03,0.49000001,0.52999997,0.63,0.49000001,0.58999997,0.41,0.41999999,0.44,0.73000002,0.56999999,0.73000002,0.85000002,0.75,0.72000003,0.82999998,0.76999998,0.81,0.74000001,0.77999997,0.67000002,0.79000002,,NA,,NA,,NA,,NA,,NA,,NA,,NA,,NA,,NA,,NA,
Pakistan,PAK,5,15,228525727,29.48,28.48,31.530001,32.830002,32.48,33.950001,34.349998,36.209999,40.02,39.959999,38.439999,37.720001,42.959999,41.880001,40.119999,40.400002,40.279999,44.380001,43.349998,41.439999,38.919998,2.4000001,2.3,2.5999999,2.73,2.6900001,2.8399999,2.8800001,3.0599999,3.4300001,3.4300001,3.28,3.21,3.72,3.6099999,3.4400001,3.47,3.46,3.8599999,3.76,3.5699999,3.3199999,1.4400001,1.34,1.63,1.76,1.72,1.87,1.91,2.0899999,2.46,2.46,2.3,2.23,2.75,2.6400001,2.47,2.5,2.49,2.8800001,2.78,2.5999999,2.3599999
Panama,PAN,5,0,3846817,7.3499999,5.6500001,5.8200002,7.29,6.27,7.7399998,6.4200001,7.8200002,7.48,7.4200001,7.1100001,7.3099999,9.1999998,8.6800003,8.3599997,7.9499998,7.9000001,7.6399999,8.46,8.5,7.5500002,0.23,0.059999999,0.079999998,0.22,0.12,0.27000001,0.14,0.28,0.23999999,0.23999999,0.20999999,0.23,0.41,0.36000001,0.33000001,0.28999999,0.28,0.25999999,0.34,0.34,0.25,,NA,,NA,,NA,,NA,,NA,,NA,,NA,,NA,,NA,,NA,
Peru,PER,5,25,31584174,19.57,18.76,22,25.15,25.219999,26.83,26.709999,27.41,25.76,25.85,24.07,24.440001,25.690001,24.4,24.5,24.190001,23.25,23.35,24.540001,24.940001,24.030001,1.4278600000000000,1.3484800000000000,1.6660000000000000,1.9747,1.9815599020000000,2.13934,2.127579902,2.19618,2.0344800000000000,2.0433000000000000,1.8688600000000000,1.905120098,2.027620098,1.9012,1.911,1.8806200980000000,1.7885,1.7983000000000000,1.914920098,1.954120098,1.864940098,0,0,0,0.01469999999999990,0.021559902000000100,0.17934000000000000,0.167579902,0.23618000000000000,0.07448000000000020,0.08330000000000010,0,0,0.06762009799999990,0,0,0,0,0,0,0,0
Philippines,PHL,5,25,107491467,13.78,12.97,15.03,15.31,15.41,16,17.389999,18.709999,16.73,17.129999,16.549999,18.51,17.15,17.82,16.57,16.889999,17.66,16.950001,16.1,16.889999,14.55,0.86000001,0.77999997,0.98000002,1.01,1.02,1.08,1.21,1.34,1.15,1.1900001,1.13,1.3200001,1.1900001,1.26,1.13,1.16,1.24,1.17,1.09,1.17,0.94,0,0,0,0,0,0,0,0.039999999,0.0099999998,0.0099999998,0.02,0.029999999,0.050000001,0.039999999,0.0099999998,0.0099999998,0.0099999998,0,0.0099999998,0.0099999998,0
Palau,PLW,5,0,21303,1.0599999,1.76,1.8200001,2.1300001,2.8199999,2.8199999,3.1600001,2.4100001,2.9200001,2.26,2.02,3.8599999,1.16,2.6700001,2.9400001,2.51,3.6400001,4.9200001,2.1600001,1.95,2.3499999,0,0,0,0,0,0,0,0,0,0,0,0,0,0,0,0,0,0,0,0,0,,NA,,NA,,NA,,NA,,NA,,NA,,NA,,NA,,NA,,NA,
Papua New Guinea,PNG,5,0,6955442,3.51,3.95,7.8299999,9.8800001,9.5200005,9.4200001,11.27,9.9899998,11.25,11.68,13.19,11.95,13.17,12.1,12.3,13.55,13.52,12.25,11.46,12.56,10.7,0,0,0.28999999,0.49000001,0.46000001,0.44999999,0.62,0.5,0.62,0.66000003,0.81,0.68000001,0.80000001,0.69999999,0.72000003,0.83999997,0.83999997,0.70999998,0.63,0.74000001,0.56,,NA,,NA,,NA,,NA,,NA,,NA,,NA,,NA,,NA,,NA,
Poland,POL,5,25,38334040,26,24.639999,22.75,24.870001,26.51,26.450001,22.559999,23.889999,25.49,20.059999,19.76,22.5,26.389999,23.610001,21.549999,21.059999,21.120001,19.43,19.110001,19.5,19.030001,2.0599999,1.92,1.74,1.95,2.1099999,2.0999999,1.72,1.85,2.01,1.48,1.45,1.71,2.0999999,1.8200001,1.62,1.5700001,1.58,1.41,1.38,1.42,1.37,0.28,0.23,0.13,0.25,0.34,0.33000001,0.14,0.22,0.25999999,0.050000001,0.029999999,0.11,0.30000001,0.16,0.079999998,0.079999998,0.050000001,0.02,0.02,0.039999999,0.02
Puerto Rico,PRI,5,15,3240261,2.21,2.9100001,2.3800001,2.55,1.97,2.1199999,1.78,2.55,2.53,2.25,1.75,1.9,2.5799999,1.77,1.92,1.7,1.86,1.75,1.97,2.27,2.1099999,0,0,0,0,0,0,0,0,0,0,0,0,0,0,0,0,0,0,0,0,0,0,0,0,0,0,0,0,0,0,0,0,0,0,0,0,0,0,0,0,0,0
North Korea,PRK,5,0,25523568,21.08,19.969999,22,23.610001,21.1,31.809999,24.02,25.879999,30.48,27.059999,28.030001,27.4,21.790001,26.190001,25.889999,24.67,29.52,27.84,24.959999,22.559999,20.26,1.58,1.47,1.67,1.8200001,1.58,2.6300001,1.86,2.05,2.5,2.1600001,2.26,2.2,1.65,2.0799999,2.05,1.9299999,2.4000001,2.24,1.96,1.72,1.5,,NA,,NA,,NA,,NA,,NA,,NA,,NA,,NA,,NA,,NA,
Portugal,PRT,5,25,10327632,8.6499996,8.1800003,7.77,8.1400003,7.9200001,8.0699997,7.8400002,9.8800001,8.1700001,8.04,5.23,5.8899999,5.8000002,6.1100001,5.3800001,5.98,5.0700002,5.8400002,5.9699998,6.2800002,5.27,0.37,0.31999999,0.28,0.31999999,0.30000001,0.31,0.28999999,0.49000001,0.31999999,0.31,0.050000001,0.1,0.1,0.12,0.07,0.11,0.039999999,0.1,0.11,0.14,0.050000001,0,0,0,0,0,0,0,0,0,0,0,0,0,0,0,0,0,0,0,0,0
Paraguay,PRY,5,15,7098134,13.21,16.450001,12.84,13.87,18.219999,15.76,14.37,14.92,13.94,19.969999,12.43,12.64,12.64,11.76,12.68,11.35,13.13,13.87,12.2,12.66,11.47,0.80000001,1.12,0.76999998,0.87,1.3,1.05,0.92000002,0.97000003,0.88,1.47,0.73000002,0.75,0.75,0.66000003,0.75,0.62,0.80000001,0.87,0.70999998,0.75,0.63,0.02,0.17,0.0099999998,0.02,0.31999999,0.11,0.029999999,0.07,0.02,0.5,0,0,0.0099999998,0,0,0,0.0099999998,0.0099999998,0,0,0
Palestina,PSE,5,0,4750275,10.33,10.86,13.16,12.33,10.89,10.67,10.16,10.37,11.17,11.01,10.72,11.36,11.08,12.09,13.31,11.25,10.4,12.71,10.66,12.15,11.8,0.51999998,0.56999999,0.80000001,0.72000003,0.57999998,0.56,0.50999999,0.52999997,0.60000002,0.58999997,0.56,0.62,0.60000002,0.69,0.81,0.61000001,0.52999997,0.75999999,0.55000001,0.69999999,0.67000002,,NA,,NA,,NA,,NA,,NA,,NA,,NA,,NA,,NA,,NA,
French Polynesia,PYF,5,0,231800,0.67000002,0.77999997,0.86000001,0.88,1.0599999,1.03,0.87,1.14,0.85000002,0.88999999,0.69,0.77999997,0.75999999,0.66000003,0.75999999,0.85000002,0.93000001,0.86000001,0.75999999,0.76999998,0.86000001,0,0,0,0,0,0,0,0,0,0,0,0,0,0,0,0,0,0,0,0,0,,NA,,NA,,NA,,NA,,NA,,NA,,NA,,NA,,NA,,NA,
Qatar,QAT,5,0,2406879,20.42,20.139999,22.870001,19.719999,23.040001,19.16,19.219999,19.92,23.4,22.860001,24.75,27.129999,29.34,27.889999,29.870001,27.879999,29.209999,29.120001,30.4,33.75,30.879999,1.51,1.48,1.75,1.4400001,1.77,1.39,1.39,1.46,1.8,1.75,1.9400001,2.1700001,2.3900001,2.24,2.4400001,2.24,2.3699999,2.3599999,2.49,2.8199999,2.54,,NA,,NA,,NA,,NA,,NA,,NA,,NA,,NA,,NA,,NA,
Reunion,REU,5,0,865765,1.95,1.77,1.83,2,1.88,1.98,2.1600001,2.5999999,2.1199999,2.26,2.1199999,2.0899999,2.46,2.49,2.28,2.3599999,1.98,2.23,2.3699999,2.3,2.4400001,0,0,0,0,0,0,0,0,0,0,0,0,0,0,0,0,0,0,0,0,0,,NA,,NA,,NA,,NA,,NA,,NA,,NA,,NA,,NA,,NA,
Romania,ROU,5,25,21385457,20.23,19.48,18.440001,19.41,20.389999,20.42,19.32,19.85,19.950001,17.290001,17.18,17.370001,16.43,20.66,18.98,16.219999,15.38,16.09,16.09,18.110001,15.97,1.49,1.42,1.3200001,1.41,1.51,1.51,1.4,1.46,1.46,1.2,1.1900001,1.21,1.12,1.53,1.37,1.1,1.02,1.09,1.09,1.28,1.08,0.02,0,0,0,0.0099999998,0.02,0,0,0,0,0,0,0,0.0099999998,0,0,0,0,0,0,0
Russia,RUS,5,25,140915839,15.46,14.62,13.93,14.01,15.22,14.55,13.39,13.82,14.7,12.57,12.96,13.76,14.08,12.1,13.55,12,12.48,11.31,11.93,11.88,10.92,1.03,0.94,0.88,0.88,1,0.94,0.82999998,0.87,0.94999999,0.74000001,0.77999997,0.86000001,0.88999999,0.69999999,0.83999997,0.69,0.73000002,0.62,0.68000001,0.68000001,0.57999998,0.029999999,0.0099999998,0,0,0.029999999,0.029999999,0,0,0,0,0.0099999998,0,0,0,0,0,0,0,0,0,0
Rwanda,RWA,5,0,12452755,28.02,21.34,32.259998,37.490002,32.919998,26.940001,34.549999,34.360001,29.23,38.48,36.549999,33.82,35.41,37.169998,36.439999,37.139999,33.189999,35.34,34.560001,29.690001,29.65,2.26,1.6,2.6700001,3.1800001,2.74,2.1500001,2.9000001,2.8800001,2.3699999,3.28,3.0899999,2.8199999,2.98,3.1500001,3.0799999,3.1500001,2.76,2.97,2.9000001,2.4200001,2.4200001,,NA,,NA,,NA,,NA,,NA,,NA,,NA,,NA,,NA,,NA,
Saudi Arabia,SAU,5,15,33663610,16.77,18.84,20.440001,17.200001,18.27,17.450001,16.120001,17.84,20.49,20.41,21.99,22.709999,23.51,24.68,25.17,22.030001,24.83,25.030001,24.07,26.440001,24.76,1.15,1.36,1.51,1.2,1.3,1.22,1.09,1.26,1.52,1.51,1.66,1.74,1.8099999,1.9299999,1.98,1.67,1.9400001,1.96,1.87,2.0999999,1.9400001,0.33000001,0.47999999,0.57999998,0.33000001,0.41,0.33000001,0.25,0.36000001,0.58999997,0.56999999,0.70999998,0.79000002,0.86000001,0.95999998,1.01,0.72000003,0.99000001,1,0.92000002,1.13,0.97000003
Sudan,SDN,5,0,44340092,10.04,9.9799995,9.0299997,8.2399998,9.0200005,8.5600004,8.3999996,9,9.8800001,9.6099997,9.54,8.8000002,10.22,9.8199997,9.46,8.3900003,9.3800001,8.9300003,9.4899998,10.72,9.79,0.49000001,0.49000001,0.40000001,0.31999999,0.38999999,0.34999999,0.34,0.38999999,0.47999999,0.44999999,0.44,0.37,0.50999999,0.47,0.44,0.33000001,0.43000001,0.38999999,0.44,0.56,0.47,,NA,,NA,,NA,,NA,,NA,,NA,,NA,,NA,,NA,,NA,
Senegal,SEN,5,0,15359769,5.2399998,5.5900002,5.1500001,4.3699999,3.96,4.8200002,4.4400001,4.77,5.0300002,4.7399998,4.9200001,5.2399998,5.6399999,4.9899998,5.2399998,4.96,4.8699999,5.4499998,4.79,5,4.4699998,0.059999999,0.090000004,0.059999999,0.029999999,0.02,0.039999999,0.039999999,0.039999999,0.050000001,0.029999999,0.050000001,0.07,0.090000004,0.050000001,0.059999999,0.050000001,0.059999999,0.07,0.039999999,0.050000001,0.029999999,,NA,,NA,,NA,,NA,,NA,,NA,,NA,,NA,,NA,,NA,
Singapore,SGP,5,12,6095272,12.8,14.71,15.99,15.18,18.690001,13.95,16,15.89,25.68,13.97,13.03,19.82,11.94,14.67,16.92,22.110001,17.450001,25.85,13.27,12.44,13.23,0.75999999,0.94999999,1.08,1,1.34,0.88,1.08,1.0700001,2.03,0.88,0.79000002,1.45,0.68000001,0.94999999,1.17,1.6799999,1.22,2.04,0.81,0.73000002,0.81,0.079999998,0.27000001,0.38999999,0.31,0.66000003,0.19,0.38999999,0.38,1.34,0.19,0.1,0.76999998,0.0099999998,0.25999999,0.47999999,0.99000001,0.52999997,1.36,0.12,0.039999999,0.12
Saint Helena,SHN,5,0,7527,2.53,1.9,2.24,1.6900001,1.83,2.3099999,2.26,2.5,1.89,2.6199999,2.46,2.1900001,2.3499999,2.5599999,2.0899999,2.22,2.05,2.26,2.3199999,2.5799999,1.76,0,0,0,0,0,0,0,0,0,0,0,0,0,0,0,0,0,0,0,0,0,,NA,,NA,,NA,,NA,,NA,,NA,,NA,,NA,,NA,,NA,
Solomon Islands,SLB,5,0,525327,2.24,1.88,3.0599999,3.47,3.9000001,3.4200001,4.1599998,3.53,4.77,5.5900002,3.8699999,5.48,5.25,5.0999999,5.3899999,7.1199999,6.8499999,6.3800001,6.3699999,7.1300001,6.1900001,0,0,0,0,0,0,0,0,0,0.059999999,0,0.050000001,0.029999999,0.029999999,0.039999999,0.20999999,0.18000001,0.14,0.14,0.20999999,0.12,,NA,,NA,,NA,,NA,,NA,,NA,,NA,,NA,,NA,,NA,
Sierra Leone,SLE,5,0,6468486,18.33,14.59,13.37,12.2,10.95,12.64,13.19,12.8,12.19,11.93,12.6,15.49,13.8,12.77,11.4,13,12.87,11.95,12.26,11.65,11.51,1.3099999,0.94,0.81999999,0.70999998,0.57999998,0.75,0.80000001,0.75999999,0.70999998,0.68000001,0.74000001,1.03,0.86000001,0.75999999,0.63,0.77999997,0.76999998,0.68000001,0.70999998,0.64999998,0.63999999,,NA,,NA,,NA,,NA,,NA,,NA,,NA,,NA,,NA,,NA,
El Salvador,SLV,5,15,6410909,26.879999,19.690001,23.309999,21.719999,21.190001,25.43,21.209999,26.950001,22.209999,24.870001,24.610001,25.27,26.280001,27.540001,25.139999,26.790001,23.84,22.75,24.33,25.01,23.780001,2.1400001,1.4400001,1.79,1.64,1.59,2,1.59,2.1500001,1.6900001,1.95,1.92,1.99,2.0899999,2.21,1.97,2.1400001,1.85,1.74,1.89,1.96,1.84,1.16,0.46000001,0.81,0.66000003,0.61000001,1.02,0.61000001,1.17,0.70999998,0.97000003,0.94,1.01,1.11,1.23,0.99000001,1.16,0.87,0.75999999,0.91000003,0.98000002,0.86000001
San Marino,SMR,5,0,34474,14.85,14.13,14.83,14.49,15.8,15.9,13.6,15.72,18.719999,15.21,11.91,12.7,13.49,14.81,13.4,12.6,9.3000002,13.41,10.21,11.51,10.11,0.97000003,0.88999999,0.95999998,0.93000001,1.0599999,1.0700001,0.83999997,1.05,1.35,1,0.68000001,0.75,0.82999998,0.95999998,0.81999999,0.75,0.41999999,0.81999999,0.50999999,0.63999999,0.5,,NA,,NA,,NA,,NA,,NA,,NA,,NA,,NA,,NA,,NA,
Somalia,SOM,5,0,11479597,5.54,7.5,7.6100001,6.8699999,7.6100001,7.75,8.4399996,7.3499999,8.5100002,8.75,7.4499998,8.6000004,8.5,9.25,8.1499996,7.4000001,7.6999998,8.0100002,7.9299998,7.8899999,8.54,0.1,0.25,0.25999999,0.19,0.25999999,0.27000001,0.34,0.25,0.34,0.37,0.23999999,0.34999999,0.34999999,0.41999999,0.31,0.23999999,0.27000001,0.30000001,0.28999999,0.28999999,0.34999999,,NA,,NA,,NA,,NA,,NA,,NA,,NA,,NA,,NA,,NA,
Saint Pierre and Miquelon,SPM,5,0,5409,3.98,3.99,3.5,3.3800001,3.5,3.5799999,2.9000001,3.0999999,3.28,2.7,2.9000001,3.0799999,3.1500001,3.1800001,2.4200001,3.8,3.5,3.51,2.5999999,3.5,2.5999999,0,0,0,0,0,0,0,0,0,0,0,0,0,0,0,0,0,0,0,0,0,,NA,,NA,,NA,,NA,,NA,,NA,,NA,,NA,,NA,,NA,
Serbia,SRB,5,25,7071520,23.559999,22.6,19.709999,21.690001,21.92,23.4,21.99,23.469999,23.469999,20.5,20.280001,21.469999,18.889999,27.389999,24.76,20.98,20.01,22.280001,21.27,21.889999,21.1,1.8200001,1.72,1.4400001,1.64,1.66,1.8,1.67,1.8099999,1.8099999,1.52,1.5,1.61,1.36,2.1900001,1.9400001,1.5700001,1.47,1.6900001,1.59,1.65,1.58,0.07,0.050000001,0,0.0099999998,0.0099999998,0.029999999,0.0099999998,0.050000001,0.029999999,0.0099999998,0,0.02,0,0.25999999,0.11,0,0,0.059999999,0.029999999,0.029999999,0.02
South Sudan,SSD,5,0,10293578,17.190001,13.86,14.31,14.49,14,14.06,13.67,15.4,14.42,16.450001,14.47,14.98,15.79,17.309999,15.3,15.48,15.61,14.64,15.44,15.18,14.11,1.1900001,0.87,0.91000003,0.93000001,0.88,0.88999999,0.85000002,1.02,0.92000002,1.12,0.93000001,0.98000002,1.0599999,1.21,1.01,1.03,1.04,0.94,1.02,1,0.88999999,,NA,,NA,,NA,,NA,,NA,,NA,,NA,,NA,,NA,,NA,
Suriname,SUR,5,0,620729,4.3200002,4.8600001,4.54,6.4499998,5.5300002,6.23,6.1700001,6.29,6.0799999,5.6100001,6.9000001,6.3000002,6.1100001,5.6700001,5.7600002,5.1900001,4.9200001,4.98,5.3499999,5.0100002,4.9499998,0,0.0099999998,0,0.14,0.050000001,0.12,0.11,0.13,0.11,0.059999999,0.19,0.13,0.11,0.07,0.07,0.029999999,0.02,0.02,0.039999999,0.02,0.02,,NA,,NA,,NA,,NA,,NA,,NA,,NA,,NA,,NA,,NA,
Slovakia,SVK,5,25,5446854,23.09,23.01,20.41,22.719999,23.290001,23.610001,20.6,22.309999,23.040001,17.1,16.940001,19.32,20.540001,21.74,18.780001,18.559999,16.67,17.35,15.99,17.030001,15.88,1.77,1.76,1.51,1.74,1.79,1.8200001,1.53,1.7,1.77,1.1900001,1.17,1.4,1.52,1.64,1.35,1.33,1.14,1.21,1.08,1.1799999,1.0700001,0.029999999,0.029999999,0,0.02,0.0099999998,0.02,0,0.0099999998,0.029999999,0,0,0,0.0099999998,0.0099999998,0,0,0,0,0,0,0
Slovenia,SVN,5,0,2071887,19.68,18.66,18.299999,19.68,20.26,20.59,18.67,20.58,20.35,16.379999,16.41,16.389999,17.719999,19.870001,16.219999,15.72,13.34,16.32,14.85,15.42,14.57,1.4400001,1.34,1.3,1.4400001,1.5,1.53,1.34,1.53,1.5,1.12,1.12,1.12,1.25,1.46,1.1,1.05,0.81999999,1.11,0.97000003,1.02,0.94,,NA,,NA,,NA,,NA,,NA,,NA,,NA,,NA,,NA,,NA,
Sweden,SWE,5,25,10094597,7.5500002,7.8299999,7.3699999,6.8400002,7.23,7.5900002,6.71,6.9699998,7.6199999,6.29,6.52,6.3499999,6.7600002,6.8000002,5.6599998,5.2600002,6.6599998,5.1900001,5.0300002,4.77,5.52,0.25999999,0.28,0.23999999,0.19,0.23,0.25999999,0.18000001,0.2,0.25999999,0.14,0.16,0.14,0.18000001,0.19,0.090000004,0.059999999,0.17,0.059999999,0.039999999,0.039999999,0.07,0,0,0,0,0,0,0,0,0,0,0,0,0,0,0,0,0,0,0,0,0
Swaziland,SWZ,5,0,1100979,21.790001,17.280001,17.360001,16.68,15.72,14.53,16.49,17.25,15.15,16.700001,15.4,15.59,17.709999,14.69,16.290001,15.19,14.36,15.35,13.12,14,14.62,1.65,1.2,1.21,1.15,1.05,0.93000001,1.13,1.2,0.99000001,1.15,1.02,1.04,1.25,0.94999999,1.11,1,0.92000002,1.01,0.80000001,0.88,0.94,,NA,,NA,,NA,,NA,,NA,,NA,,NA,,NA,,NA,,NA,
Sint Maarten,SXM,5,0,43645,2.0899999,2.6900001,2.29,2.49,1.9,2.0899999,1.9,2.6900001,2.3900001,2.0999999,1.89,1.99,3.0899999,1.99,2.49,1.7,1.79,1.99,2.1900001,1.99,1.6900001,0,0,0,0,0,0,0,0,0,0,0,0,0,0,0,0,0,0,0,0,0,,NA,,NA,,NA,,NA,,NA,,NA,,NA,,NA,,NA,,NA,
Seychelles,SYC,5,0,83446,2.8199999,3.02,3.3099999,2.8199999,3.02,3.95,3.46,3.28,4.1599998,4.1300001,3.25,4.71,3.73,4.6100001,4.1300001,3.9400001,3.96,3.4300001,4.8000002,4.8299999,4.21,0,0,0,0,0,0,0,0,0,0,0,0,0,0,0,0,0,0,0,0,0,,NA,,NA,,NA,,NA,,NA,,NA,,NA,,NA,,NA,,NA,
Syria,SYR,5,0,19260833,17.370001,19.27,20.25,18.9,16.790001,17.42,16.110001,18.16,17.049999,18.01,16.85,20.030001,17.549999,20.940001,23.280001,20.6,19.620001,20.700001,18.52,20.09,19.99,1.21,1.4,1.49,1.36,1.16,1.22,1.09,1.29,1.1799999,1.28,1.16,1.47,1.23,1.5599999,1.79,1.53,1.4299999,1.54,1.33,1.48,1.47,,NA,,NA,,NA,,NA,,NA,,NA,,NA,,NA,,NA,,NA,
Turks and Caicos Islands,TCA,5,25,54722,4.0700002,3.98,3.0999999,3.22,2.55,2.46,2.6300001,3.47,3.0699999,2.9200001,1.9400001,2.03,2.73,2.1400001,2.27,1.9299999,1.9299999,2.03,2.0799999,2.24,2.05,0,0,0,0,0,0,0,0,0,0,0,0,0,0,0,0,0,0,0,0,0,0,0,0,0,0,0,0,0,0,0,0,0,0,0,0,0,0,0,0,0,0
Chad,TCD,5,0,16381798,11.18,10.66,10.49,9.3400002,9.5799999,10.41,10.93,10.33,10.36,10.62,10.29,10,11.36,11,10.82,9.9200001,10.33,10.32,10.67,10.96,11.4,0.61000001,0.56,0.54000002,0.43000001,0.44999999,0.52999997,0.57999998,0.52999997,0.52999997,0.55000001,0.51999998,0.49000001,0.62,0.58999997,0.56999999,0.49000001,0.52999997,0.51999998,0.56,0.58999997,0.63,,NA,,NA,,NA,,NA,,NA,,NA,,NA,,NA,,NA,,NA,
Togo,TGO,5,0,8412179,14.1,14.01,16.370001,16.24,15.27,16.25,16.950001,17.6,16.17,16.799999,17.52,17,16.610001,16.08,14.37,13.63,13.93,14.55,15.36,15.72,15.03,0.88999999,0.88,1.11,1.1,1.01,1.1,1.17,1.23,1.09,1.16,1.23,1.1799999,1.14,1.09,0.92000002,0.85000002,0.87,0.94,1.02,1.05,0.98000002,,NA,,NA,,NA,,NA,,NA,,NA,,NA,,NA,,NA,,NA,
Thailand,THA,5,25,68774002,19.700001,17.440001,19.450001,19.73,20.91,21.4,23.879999,23.83,22.75,25.639999,23.879999,23.02,23.57,24.530001,22.940001,24.99,23.549999,21.32,23.209999,21.07,21.35,1.4400001,1.22,1.42,1.4400001,1.5599999,1.61,1.85,1.84,1.74,2.02,1.85,1.77,1.8200001,1.91,1.76,1.96,1.8200001,1.6,1.78,1.5700001,1.6,0.050000001,0.0099999998,0.02,0.029999999,0.07,0.059999999,0.16,0.17,0.1,0.25999999,0.14,0.12,0.16,0.16,0.12,0.18000001,0.14,0.050000001,0.14,0.050000001,0.050000001
Tajikistan,TJK,5,0,8725021,11.98,10.86,11.82,12.74,12.42,13.8,12.42,14.2,13.42,14.78,14.15,15.99,14.89,18.09,17.15,14.68,15.12,15.86,15.97,17.26,14.02,0.68000001,0.56999999,0.67000002,0.75999999,0.73000002,0.86000001,0.73000002,0.89999998,0.82999998,0.95999998,0.89999998,1.08,0.97000003,1.28,1.1900001,0.94999999,0.99000001,1.0599999,1.0700001,1.2,0.88,,NA,,NA,,NA,,NA,,NA,,NA,,NA,,NA,,NA,,NA,
Tokelau,TKL,5,0,364,0.69999999,0.89999998,1.1,1.2,1.4,1.4,1,1.5,1.3,1.4,0.89999998,1.2,1,0.80000001,1.1,1.2,1.3,1.2,1.3,1,1.2,0,0,0,0,0,0,0,0,0,0,0,0,0,0,0,0,0,0,0,0,0,,NA,,NA,,NA,,NA,,NA,,NA,,NA,,NA,,NA,,NA,
Turkmenistan,TKM,5,0,5445969,10.34,8.7399998,7.9699998,8.0500002,8.46,8.1499996,8.0500002,9.3699999,9.0900002,8.7399998,11.36,8.8900003,9.3400002,11.36,12.25,8.1899996,9.3000002,8.5900002,8.5299997,9.8500004,8.9499998,0.51999998,0.37,0.28999999,0.30000001,0.34,0.31,0.30000001,0.43000001,0.40000001,0.37,0.62,0.38,0.41999999,0.62,0.70999998,0.31,0.41999999,0.34999999,0.34999999,0.47999999,0.38999999,,NA,,NA,,NA,,NA,,NA,,NA,,NA,,NA,,NA,,NA,
Timor-Leste,TLS,5,0,1346525,6.8699999,8.3900003,8.4499998,9.5100002,8.7299995,8.0299997,9.6400003,8.6499996,8.8400002,10.48,9.8400002,10.82,9.3299999,13.52,13.09,9.25,10.75,10.11,9.4899998,10.43,10.07,0.18000001,0.33000001,0.34,0.44,0.37,0.30000001,0.44999999,0.36000001,0.38,0.54000002,0.47,0.56999999,0.41999999,0.82999998,0.79000002,0.41999999,0.56,0.5,0.44,0.52999997,0.5,,NA,,NA,,NA,,NA,,NA,,NA,,NA,,NA,,NA,,NA,
Tonga,TON,5,0,100843,0.58999997,0.89999998,1.1,0.88,0.94999999,0.79000002,1.17,1.0700001,1,0.85000002,1.88,1,0.88999999,0.95999998,0.93000001,1.0599999,0.92000002,0.88,0.94999999,1.1799999,1.13,0,0,0,0,0,0,0,0,0,0,0,0,0,0,0,0,0,0,0,0,0,,NA,,NA,,NA,,NA,,NA,,NA,,NA,,NA,,NA,,NA,
Trinidad and Tobago,TTO,5,15,1212387,2.8900001,3.5999999,2.78,3.8599999,3.05,3.5,3.25,3.72,3.55,3.45,3.74,3.29,5.1799998,3.54,3.54,3.4100001,2.9200001,3.0699999,3.8299999,3.75,3.03,0,0,0,0,0,0,0,0,0,0,0,0,0.029999999,0,0,0,0,0,0,0,0,0,0,0,0,0,0,0,0,0,0,0,0,0,0,0,0,0,0,0,0,0
Tunisia,TUN,5,0,11617187,11.24,9.1199999,10.98,9.7200003,9.1499996,11.8,7.73,10.65,9.96,8.75,8.3000002,8.8599997,6.6399999,10.46,8.9899998,8.8299999,6.9200001,10.37,7.7199998,9.4300003,8.2299995,0.61000001,0.40000001,0.58999997,0.46000001,0.41,0.67000002,0.27000001,0.55000001,0.49000001,0.37,0.31999999,0.38,0.16,0.52999997,0.38999999,0.38,0.19,0.52999997,0.27000001,0.43000001,0.31999999,,NA,,NA,,NA,,NA,,NA,,NA,,NA,,NA,,NA,,NA,
Turkey,TUR,5,0,81769338,19.48,18.940001,20.6,19.67,20.08,19.610001,17.309999,18.51,19.870001,19.66,17.700001,20.15,17.200001,22.610001,24.049999,21.83,22.370001,23.129999,20.73,22.559999,21.15,1.42,1.37,1.53,1.4400001,1.48,1.4299999,1.21,1.3200001,1.46,1.4400001,1.24,1.49,1.2,1.73,1.87,1.65,1.7,1.78,1.54,1.72,1.58,,NA,,NA,,NA,,NA,,NA,,NA,,NA,,NA,,NA,,NA,
Tuvalu,TUV,5,0,910,0.75999999,0.80000001,0.89999998,1,1.26,1.4,1.1,1.3,1.16,1.42,0.95999998,1.1900001,1.0599999,0.86000001,1.0599999,1.26,1.49,1.46,1.36,1.1,1.22,0,0,0,0,0,0,0,0,0,0,0,0,0,0,0,0,0,0,0,0,0,,NA,,NA,,NA,,NA,,NA,,NA,,NA,,NA,,NA,,NA,
Taiwan,TWN,5,15,23562084,16.780001,15.7,20.57,21.08,21.209999,21.620001,23,22.790001,23.58,23.709999,22.280001,22.43,22.75,21.85,20.610001,20.530001,21.51,21.049999,18.370001,18.27,16.719999,1.15,1.05,1.53,1.58,1.59,1.63,1.76,1.74,1.8200001,1.83,1.6900001,1.71,1.74,1.65,1.53,1.52,1.62,1.5700001,1.3099999,1.3,1.15,0.22,0.16,0.56,0.61000001,0.62,0.64999998,0.79000002,0.76999998,0.83999997,0.86000001,0.72000003,0.74000001,0.75999999,0.68000001,0.56,0.55000001,0.64999998,0.60000002,0.38999999,0.37,0.25999999
Tanzania,TZA,5,0,56869792,12.96,10.51,13.32,20.059999,15.4,16.540001,17.02,18.33,16.08,21,18.27,17.43,18.33,18.879999,19.17,18.620001,16.639999,17.540001,16.67,14.38,15.8,0.77999997,0.54000002,0.81999999,1.48,1.02,1.13,1.1799999,1.3099999,1.09,1.5700001,1.3,1.22,1.3099999,1.36,1.39,1.33,1.14,1.23,1.14,0.92000002,1.0599999,,NA,,NA,,NA,,NA,,NA,,NA,,NA,,NA,,NA,,NA,
Uganda,UGA,5,0,41790590,21.49,15.91,24.16,30.26,25.969999,23.809999,26.18,26.940001,24.540001,30.02,27.17,25.35,27.9,29.360001,28.459999,29.719999,26.049999,27.110001,26.530001,22.700001,23.68,1.62,1.0700001,1.88,2.48,2.0599999,1.84,2.0799999,2.1500001,1.91,2.45,2.1700001,1.99,2.24,2.3900001,2.3,2.4200001,2.0599999,2.1700001,2.1099999,1.73,1.83,,NA,,NA,,NA,,NA,,NA,,NA,,NA,,NA,,NA,,NA,
Ukraine,UKR,5,0,43971185,19.33,18.93,17.68,19.059999,20.200001,17.860001,17.299999,17.959999,18.67,16.08,16.34,17.77,16.219999,17.82,17.280001,17.02,16.309999,15.72,15.47,16.450001,14.74,1.4,1.37,1.24,1.38,1.49,1.26,1.21,1.27,1.34,1.09,1.11,1.25,1.1,1.26,1.2,1.1799999,1.11,1.05,1.03,1.12,0.94999999,,NA,,NA,,NA,,NA,,NA,,NA,,NA,,NA,,NA,,NA,
United States Minor Outlying Islands,UMI,5,0,40,1.6,1.3,1.6,1.5,1.8,1.7,1.8,2,1.5,1.3,1.9,1.6,1.6,1.4,1.3,2,2.0999999,1.9,1.5,1.7,1.7,0,0,0,0,0,0,0,0,0,0,0,0,0,0,0,0,0,0,0,0,0,,NA,,NA,,NA,,NA,,NA,,NA,,NA,,NA,,NA,,NA,
Uruguay,URY,5,0,3365274,6.9699998,7.2800002,7.8000002,7.9699998,8.3599997,8.1300001,7.3800001,7.3400002,8.1999998,8.2200003,8.1099997,7.4699998,6.8600001,7.23,8.2299995,7.9400001,8.5200005,7.2399998,7.3800001,7.6700001,7.2199998,0.19,0.22,0.27000001,0.28999999,0.33000001,0.31,0.23,0.23,0.31,0.31999999,0.30000001,0.23999999,0.18000001,0.22,0.31999999,0.28999999,0.34,0.22,0.23,0.25999999,0.22,,NA,,NA,,NA,,NA,,NA,,NA,,NA,,NA,,NA,,NA,
United States,USA,5,12,328352413,12.2,11.84,11.84,11.54,11.3,11,10.59,11.49,10.21,10.5,9.5100002,8.6300001,8.5600004,8.6599998,7.9200001,7.73,7.6799998,7.3200002,6.6700001,6.96,7.0500002,0.70999998,0.67000002,0.67000002,0.63999999,0.62,0.58999997,0.55000001,0.63999999,0.50999999,0.54000002,0.44999999,0.36000001,0.36000001,0.36000001,0.28999999,0.27000001,0.27000001,0.23,0.18000001,0.2,0.20999999,0.15000001,0.13,0.14,0.12,0.1,0.079999998,0.059999999,0.11,0.039999999,0.050000001,0.02,0.0099999998,0,0,0,0,0,0,0,0,0
Vatican City,VAT,5,0,1000,16.200001,15.4,16.200001,14.7,15.9,17.4,13.9,15.8,17.9,15.9,13.3,12.9,12.5,16,14.2,13.4,9.6000004,13.6,10.8,12.1,9.8000002,1.1,1.02,1.1,0.94999999,1.0700001,1.22,0.87,1.0599999,1.26,1.0700001,0.81,0.76999998,0.74000001,1.08,0.89999998,0.81999999,0.44999999,0.83999997,0.56999999,0.69999999,0.47,,NA,,NA,,NA,,NA,,NA,,NA,,NA,,NA,,NA,,NA,
Saint Vincent and the Grenadines,VCT,5,0,100686,1.98,2.54,2.1600001,2.5,2.0899999,2.25,2.1400001,2.4400001,2.1500001,2.1400001,2.1800001,2.3599999,3.1700001,2.1700001,2.3299999,1.9400001,1.83,2.0899999,2.3399999,2.4400001,2.01,0,0,0,0,0,0,0,0,0,0,0,0,0,0,0,0,0,0,0,0,0,,NA,,NA,,NA,,NA,,NA,,NA,,NA,,NA,,NA,,NA,
Venezuela,VEN,5,0,28692485,7.6399999,7.9000001,9.3000002,12.67,11.04,14.28,12.12,13.48,12.43,11.85,12.46,11.04,15.85,13.73,12.81,11.96,11.19,11.64,13.91,13.32,11.56,0.28,0.30000001,0.44,0.75999999,0.60000002,0.91000003,0.70999998,0.82999998,0.73000002,0.68000001,0.74000001,0.60000002,1.0599999,0.86000001,0.76999998,0.69,0.62,0.66000003,0.88,0.81999999,0.64999998,,NA,,NA,,NA,,NA,,NA,,NA,,NA,,NA,,NA,,NA,
British Virgin Islands,VGB,5,0,36591,1.8,2.27,1.79,1.78,1.45,1.53,1.3200001,2.05,1.92,1.71,1.4,1.5,2.4200001,1.3099999,1.72,1.3200001,1.38,1.54,1.58,1.77,1.38,0,0,0,0,0,0,0,0,0,0,0,0,0,0,0,0,0,0,0,0,0,,NA,,NA,,NA,,NA,,NA,,NA,,NA,,NA,,NA,,NA,
"Virgin Islands, U.S.",VIR,5,12,106631,1.61,2.0999999,1.6900001,1.72,1.37,1.48,1.28,1.96,1.9,1.67,1.3200001,1.48,2.21,1.37,1.61,1.37,1.45,1.48,1.55,1.86,1.52,0,0,0,0,0,0,0,0,0,0,0,0,0,0,0,0,0,0,0,0,0,0,0,0,0,0,0,0,0,0,0,0,0,0,0,0,0,0,0,0,0,0
Vietnam,VNM,5,25,97846304,19.02,17.91,20.629999,23.27,22.280001,24.23,27.57,27.76,28.809999,30.190001,30.639999,28.790001,29.059999,30.58,28.969999,29.889999,28.549999,25.790001,26.25,26.139999,23.75,1.37,1.27,1.53,1.79,1.6900001,1.88,2.21,2.23,2.3299999,2.47,2.51,2.3299999,2.3599999,2.51,2.3499999,2.4400001,2.3099999,2.04,2.0799999,2.0699999,1.84,0.079999998,0.039999999,0.07,0.28,0.23,0.31999999,0.55000001,0.56,0.62,0.75,0.76999998,0.63999999,0.69,0.76999998,0.72000003,0.72000003,0.67000002,0.43000001,0.47999999,0.41999999,0.23999999
Vanuatu,VUT,5,0,272307,2.25,2.71,3.6199999,3.8,3,3.2,3,3.1700001,2.75,3.52,3.97,3.5,3.98,4.3200002,4.04,4.5999999,4.3400002,3.95,4.1900001,4.73,4.5100002,0,0,0,0,0,0,0,0,0,0,0,0,0,0,0,0.02,0.0099999998,0,0,0.029999999,0.0099999998,,NA,,NA,,NA,,NA,,NA,,NA,,NA,,NA,,NA,,NA,
Wallis and Futuna,WLF,5,0,15809,0.62,0.76999998,0.94999999,0.81999999,0.92000002,0.92000002,0.83999997,1.13,0.92000002,1,0.92000002,1.04,0.94,0.83999997,1.04,0.97000003,1.04,1.22,1.02,1.04,1.02,0,0,0,0,0,0,0,0,0,0,0,0,0,0,0,0,0,0,0,0,0,,NA,,NA,,NA,,NA,,NA,,NA,,NA,,NA,,NA,,NA,
Samoa,WSM,5,0,182320,0.56999999,0.67000002,0.89999998,0.81999999,0.89999998,0.92000002,0.75,1.2,0.94,1.04,0.80000001,0.94999999,0.81,0.75,0.91000003,0.94,1,1.26,1.0599999,1.0700001,1.14,0,0,0,0,0,0,0,0,0,0,0,0,0,0,0,0,0,0,0,0,0,,NA,,NA,,NA,,NA,,NA,,NA,,NA,,NA,,NA,,NA,
Akrotiri and Dhekelia,XAD,5,0,24463,11.93,11.88,13.79,12.79,11.07,11.58,10.68,11.76,11.64,12.21,11.81,12.28,10.46,15.84,17.07,11.85,11.01,11.98,10.52,11.09,9.8400002,0.68000001,0.67000002,0.86000001,0.75999999,0.58999997,0.63999999,0.56,0.66000003,0.64999998,0.70999998,0.67000002,0.70999998,0.52999997,1.0599999,1.1799999,0.67000002,0.58999997,0.68000001,0.54000002,0.60000002,0.47,,NA,,NA,,NA,,NA,,NA,,NA,,NA,,NA,,NA,,NA,
Caspian Sea,XCA,5,0,334819,13.47,12.97,12.25,10.34,11.3,10.77,10.04,10.88,11.2,11.4,10.73,11.18,11.34,11.36,11.44,10.31,10.09,9.79,10.16,10.8,8.71,0.82999998,0.77999997,0.70999998,0.51999998,0.62,0.56999999,0.49000001,0.57999998,0.61000001,0.63,0.56,0.61000001,0.62,0.62,0.63,0.51999998,0.5,0.47,0.50999999,0.56999999,0.36000001,,NA,,NA,,NA,,NA,,NA,,NA,,NA,,NA,,NA,,NA,
Kosovo,XKO,5,0,1916975,26.43,24.809999,24.68,24.969999,26.629999,28.040001,25.16,26.66,29.540001,27.5,25.370001,24.030001,21.57,34.759998,29.74,25.49,23.48,27.280001,24.59,24.200001,24.190001,2.0999999,1.9400001,1.9299999,1.96,2.1199999,2.26,1.98,2.1199999,2.4100001,2.2,2,1.87,1.62,2.9200001,2.4200001,2.01,1.8099999,2.1800001,1.92,1.88,1.88,,NA,,NA,,NA,,NA,,NA,,NA,,NA,,NA,,NA,,NA,
Northern Cyprus,XNC,5,0,391967,12.42,12.27,13.95,13.08,11.52,11.72,10.97,11.98,12.23,13.05,12.69,13.09,10.97,16.4,17.719999,12.1,11.64,12.09,11.02,11.55,10.26,0.73000002,0.70999998,0.88,0.79000002,0.63999999,0.66000003,0.58999997,0.68000001,0.70999998,0.79000002,0.75,0.79000002,0.57999998,1.12,1.25,0.69999999,0.64999998,0.69,0.58999997,0.63999999,0.51999998,,NA,,NA,,NA,,NA,,NA,,NA,,NA,,NA,,NA,,NA,
South Africa,ZAF,5,20,55920563,23.01,22.049999,22.08,22.559999,22.030001,21.950001,22.870001,23.639999,23.07,22.74,23.24,22.629999,25.700001,22.440001,22.379999,21.26,20.48,21.68,20.209999,21.15,21.219999,1.79,1.6900001,1.7,1.74,1.6900001,1.6799999,1.77,1.85,1.79,1.76,1.8099999,1.75,2.05,1.73,1.73,1.62,1.54,1.66,1.51,1.61,1.61,0.76999998,0.69,0.69999999,0.69999999,0.68000001,0.69,0.75999999,0.77999997,0.76999998,0.74000001,0.80000001,0.73000002,0.94999999,0.75999999,0.72000003,0.63,0.56,0.64999998,0.58999997,0.63,0.63
Zambia,ZMB,5,0,16986072,15.89,13.67,16.639999,24.370001,21.639999,21.48,19.41,21.889999,19.84,23.059999,22.07,21.209999,23.120001,20.200001,21.530001,20.18,19.65,21.620001,20.23,18.92,19.35,1.0700001,0.85000002,1.14,1.9,1.63,1.62,1.41,1.66,1.45,1.77,1.67,1.59,1.78,1.49,1.62,1.49,1.4400001,1.63,1.49,1.36,1.41,,NA,,NA,,NA,,NA,,NA,,NA,,NA,,NA,,NA,,NA,
Zimbabwe,ZWE,5,0,14261281,16.35,13.1,13.22,20.360001,15.98,17.690001,15.33,17.75,15.93,18.49,17.4,15.74,18.82,14.78,16.51,15.15,14.38,16.639999,14.9,14.34,15.9,1.11,0.79000002,0.81,1.51,1.08,1.24,1.01,1.25,1.0700001,1.3200001,1.22,1.05,1.35,0.95999998,1.13,0.99000001,0.92000002,1.14,0.97000003,0.92000002,1.0700001,,NA,,NA,,NA,,NA,,NA,,NA,,NA,,NA,,NA,,NA,