,country,2004_life_exp,2005_life_exp,2006_life_exp,2007_life_exp,2008_life_exp,2009_life_exp,2010_life_exp,2011_life_exp,2012_life_exp,2013_life_exp,2014_life_exp,2015_life_exp,2016_life_exp,2017_life_exp,2018_life_exp,2004_population,2005_population,2006_population,2007_population,2008_population,2009_population,2010_population,2011_population,2012_population,2013_population,2014_population,2015_population,2016_population,2017_population,2018_population,2004_pm,2005_pm,2006_pm,2007_pm,2008_pm,2009_pm,2010_pm,2011_pm,2012_pm,2013_pm,2014_pm,2015_pm,2016_pm,2017_pm,2018_pm,class
0,ABW,73.576,73.811,74.026,74.21,74.147,74.56,75.404,75.465,75.531,75.636,75.601,75.683,75.617,75.903,76.072,93540.0,94483.0,95606.0,96787.0,97996.0,99212.0,100341.0,101288.0,102112.0,102880.0,103594.0,104257.0,104874.0,105439.0,105962.0,2.99,3.48,2.79,2.99,3.3900001,2.4200001,4.8200002,3.27,2.98,2.5899999,2.1600001,2.26,2.99,2.99,2.4000001,7
1,AFG,57.944,58.361,58.684,59.111,59.852,60.364,60.851,61.419,61.923,62.417,62.545,62.659,63.136,63.016,63.081,23553551.0,24411191.0,25442944.0,25903301.0,26427199.0,27385307.0,28189672.0,29249157.0,30466479.0,31541209.0,32716210.0,33753499.0,34636207.0,35643418.0,36686784.0,12.31,13.78,14.18,13.53,14.45,14.76,14.78,18.01,16.07,14.64,15.17,15.72,15.77,14.91,13.71,9
2,AGO,50.592,51.57,52.369,53.642,54.633,55.752,56.726,57.596,58.623,59.307,60.04,60.655,61.092,61.68,62.144,18771125.0,19450959.0,20162340.0,20909684.0,21691522.0,22507674.0,23364185.0,24259111.0,25188292.0,26147002.0,27128337.0,28127721.0,29154746.0,30208628.0,31273533.0,18.780001,20.940001,17.219999,20.82,22.209999,19.860001,23.549999,21.4,21.450001,21.4,18.700001,20.01,20.120001,18.09,18.790001,9
3,ALB,76.376,76.621,76.816,77.549,77.653,77.781,77.936,78.092,78.064,78.123,78.407,78.644,78.86,79.047,79.184,3026939.0,3011487.0,2992547.0,2970017.0,2947314.0,2927519.0,2913021.0,2905195.0,2900401.0,2895092.0,2889104.0,2880703.0,2876101.0,2873457.0,2866376.0,15.25,16.780001,18.66,17.43,14.86,14.05,11.5,19.620001,16.25,13.56,12.35,15.5,13.04,14.23,13.68,3
4,ARE,76.453,76.683,76.909,77.129,77.488,78.003,78.334,78.517,78.716,78.853,79.044,79.223,79.335,79.504,79.627,3993339.0,4280993.0,4898954.0,5872624.0,6988685.0,7992644.0,8481771.0,8575205.0,8664969.0,8751847.0,8835951.0,8916899.0,8994263.0,9068296.0,9140169.0,13.01,14.24,18.15,15.87,18.42,19.08,18.540001,18.18,21.030001,18.860001,18.6,17.4,18.68,18.08,18.139999,3
5,ARG,74.855,75.139,75.433,75.006,75.641,75.936,75.721,76.124,76.467,76.491,76.755,76.76,76.308,76.833,76.999,38668796.0,39070501.0,39476851.0,39876111.0,40273769.0,40684338.0,40788453.0,41261490.0,41733271.0,42202935.0,42669500.0,43131966.0,43590368.0,44044811.0,44494502.0,10.9,10.14,11.2,11.6,11.54,10.04,9.4300003,10.27,10.26,10.27,10.46,10.14,10.26,9.9300003,9.7600002,3
6,ARM,71.421,71.792,71.987,72.327,72.398,72.813,73.16,73.305,73.454,73.676,74.058,74.436,74.664,74.906,75.064,3065745.0,3047246.0,3026486.0,3004393.0,2983421.0,2964296.0,2946293.0,2928976.0,2914421.0,2901385.0,2889930.0,2878595.0,2865835.0,2851923.0,2836557.0,15.63,16.860001,15.74,16.969999,16.940001,16.540001,15.92,19.16,19.59,18.450001,18.18,18.66,16.74,19.49,18.129999,2
7,ATG,75.672,75.825,75.765,76.131,76.41,76.669,76.82,77.104,77.35,77.583,77.858,77.913,78.152,78.268,78.511,78941.0,79869.0,80895.0,82016.0,83251.0,84534.0,85695.0,86729.0,87674.0,88497.0,89236.0,89941.0,90564.0,91119.0,91626.0,2.0699999,2.5599999,2.3399999,2.0599999,2.0599999,2.1600001,2.97,2.1400001,2.26,1.6900001,1.79,1.99,2.1800001,1.88,1.87,4
8,AUS,80.490243902439,80.8414634146341,81.0414634146342,81.2926829268293,81.3951219512195,81.5439024390244,81.6951219512195,81.8951219512195,82.0463414634146,82.1487804878049,82.3,82.4,82.4487804878049,82.5,82.7487804878049,19932722.0,20176844.0,20450966.0,20827622.0,21249199.0,21691653.0,22031750.0,22340024.0,22733465.0,23128129.0,23475686.0,23815995.0,24190907.0,24594202.0,24966643.0,3.3099999,3.04,4.25,3.48,2.9400001,4.1100001,3.1199999,3.3199999,3.25,3.73,3.8499999,3.52,3.24,3.46,3.24,4
9,AUT,79.1804878048781,79.3317073170732,79.8804878048781,80.1804878048781,80.4317073170732,80.3317073170732,80.5804878048781,80.9829268292683,80.9365853658537,81.1365853658537,81.490243902439,81.190243902439,81.6414634146342,81.6439024390244,81.6926829268293,8171966.0,8227829.0,8268641.0,8295487.0,8321496.0,8343323.0,8363404.0,8391643.0,8429991.0,8479823.0,8546356.0,8642699.0,8736668.0,8797566.0,8840521.0,15.88,18.209999,17.719999,13.39,12.83,14.17,15.73,15.54,12.88,14.27,12.3,12.3,11.5,11.94,12.42,3
10,AZE,67.346,67.562,68.165,68.603,68.811,69.356,69.529,69.984,70.36,70.881,71.116,71.451,72.004,72.248,72.76,8306500.0,8391850.0,8484550.0,8581300.0,8763400.0,8947243.0,9054332.0,9173082.0,9295784.0,9416801.0,9535079.0,9649341.0,9757812.0,9854033.0,9939771.0,11.22,12.7,12.42,12.63,11.78,12.05,12.24,12.27,13.04,11.37,11.81,11.52,11.87,12.82,10.58,2
11,BDI,52.01,53.023,53.869,54.727,55.71,56.388,57.081,57.769,58.493,59.235,59.868,60.217,60.793,61.553,61.688,7120496.0,7388874.0,7658190.0,7944609.0,8278109.0,8709366.0,9126605.0,9455733.0,9795479.0,10149577.0,10494913.0,10727148.0,10903327.0,11155593.0,11493472.0,33.889999,33.849998,28.709999,37.720001,35.490002,33.07,34.93,35.82,35.509998,36.869999,32.549999,34.849998,33.330002,27.9,28.33,8
12,BEL,78.8780487804878,78.9804878048781,79.380487804878,79.7829268292683,79.6804878048781,80.0341463414634,80.1829268292683,80.5853658536585,80.3853658536585,80.5878048780488,81.2878048780488,80.9926829268293,81.4390243902439,81.4926829268293,81.5951219512195,10421137.0,10478617.0,10547958.0,10625700.0,10709973.0,10796493.0,10895586.0,11038264.0,11106932.0,11159407.0,11209057.0,11274196.0,11331422.0,11375158.0,11427054.0,12.85,12.44,13.31,15.03,14.44,15.62,15.63,14.82,13.04,14.03,11.23,10.75,10.71,10.23,10.78,3
13,BEN,56.826,57.125,57.456,57.675,57.869,57.956,58.363,58.462,58.716,58.965,59.125,59.377,59.539,59.856,60.14,7894554.0,8149419.0,8402631.0,8647761.0,8906469.0,9172514.0,9445710.0,9726380.0,10014078.0,10308730.0,10614844.0,10932783.0,11260085.0,11596779.0,11940683.0,18.75,19.15,17.27,18.200001,18.889999,17.99,17.940001,17.25,16.09,15.15,15.25,15.66,17.09,17.23,16.719999,9
14,BFA,52.416,53.092,53.742,54.375,55.342,55.959,56.477,57.125,57.619,57.823,58.359,58.845,59.326,59.536,60.047,13445977.0,13876127.0,14316242.0,14757074.0,15197915.0,15650022.0,16116845.0,16602651.0,17113732.0,17636408.0,18169842.0,18718019.0,19275498.0,19835858.0,20392723.0,8.5299997,9.0500002,8.3299999,8.6800003,8.2600002,9.2299995,9.9899998,9.1000004,8.5,8.1099997,9.0,8.4300003,8.0900002,8.4300003,8.5699997,13
15,BGD,67.187,67.299,67.241,66.714,67.051,67.403,68.638,68.809,69.554,69.565,69.986,70.491,71.09,71.788,72.567,138789725.0,140912590.0,142628831.0,144135934.0,145421318.0,146706810.0,148391139.0,150211005.0,152090649.0,154030139.0,155961299.0,157830000.0,159784568.0,161793964.0,163683958.0,54.880001,59.919998,64.379997,62.43,65.120003,71.040001,66.330002,70.580002,71.57,65.580002,68.410004,65.410004,68.629997,62.970001,77.120003,10
16,BGR,72.5634146341463,72.5609756097561,72.6121951219512,72.6634146341463,72.9634146341463,73.4121951219512,73.5121951219512,74.1634146341463,74.3146341463415,74.8609756097561,74.4658536585366,74.6146341463415,74.8121951219512,74.8146341463415,74.9634146341464,7716860.0,7658972.0,7601022.0,7545338.0,7492561.0,7444443.0,7395599.0,7348328.0,7305888.0,7265115.0,7223938.0,7177991.0,7127822.0,7075947.0,7025037.0,22.59,24.6,26.84,24.15,22.26,20.379999,18.23,27.809999,22.58,19.950001,19.34,18.65,17.780001,19.18,18.280001,0
17,BHR,76.56,76.931,77.156,77.634,78.084,78.461,78.748,78.89,79.081,79.246,79.328,79.405,79.557,79.689,79.857,833451.0,901921.0,970981.0,1040532.0,1110343.0,1179453.0,1213645.0,1212077.0,1224939.0,1261673.0,1311134.0,1362142.0,1409661.0,1456834.0,1487340.0,13.33,14.39,16.75,16.450001,18.049999,20.26,21.43,19.040001,21.059999,18.52,18.99,19.530001,18.51,21.610001,20.219999,3
18,BHS,72.478,72.765,72.855,72.678,72.667,72.579,72.731,72.564,72.753,73.024,73.366,73.104,73.537,73.632,73.806,343089.0,347804.0,352664.0,357666.0,362795.0,368057.0,373272.0,377950.0,382061.0,385650.0,389131.0,392697.0,395976.0,399020.0,401906.0,4.0100002,4.4899998,4.4200001,3.8800001,3.04,3.1400001,3.8099999,3.6099999,3.21,2.6700001,2.8399999,2.51,3.03,3.22,3.04,7
19,BIH,76.133,75.42,76.247,76.161,76.838,76.976,77.073,77.007,77.191,76.33,75.659,76.182,76.808,76.935,77.093,4142860.0,4094297.0,4058086.0,4007876.0,3943392.0,3877750.0,3811088.0,3743142.0,3674374.0,3617559.0,3571068.0,3524324.0,3480986.0,3440027.0,3400129.0,27.82,30.049999,29.4,27.059999,25.98,26.790001,27.52,32.099998,28.879999,25.440001,24.24,28.57,27.83,26.67,25.65,0
20,BLR,68.9560975609756,68.8512195121951,69.4048780487805,70.2073170731707,70.4560975609756,70.4073170731707,70.4048780487805,70.5536585365854,71.9658536585366,72.4707317073171,72.9707317073171,73.6243902439025,73.8268292682927,74.1292682926829,74.1756097560976,9730146.0,9663915.0,9604924.0,9560953.0,9527985.0,9504583.0,9483836.0,9461643.0,9446836.0,9443211.0,9448515.0,9461076.0,9469379.0,9458989.0,9438785.0,15.87,15.47,15.98,14.36,14.93,16.51,17.4,15.2,14.86,15.55,15.28,13.28,12.69,12.91,13.71,2
21,BLZ,69.227,69.376,70.093,70.655,71.151,71.819,72.272,72.651,73.245,73.666,73.311,73.187,73.399,73.562,73.703,272128.0,280375.0,288729.0,297173.0,305671.0,314171.0,322106.0,329538.0,337059.0,344688.0,352335.0,359871.0,367313.0,374693.0,382066.0,9.3699999,13.59,10.58,10.41,9.2399998,8.9200001,10.61,11.67,8.3299999,10.36,9.0100002,8.8599997,8.1700001,9.0500002,7.96,2
22,BMU,78.4853658536585,78.6853658536586,78.8878048780488,78.9341463414634,79.2365853658537,79.3884390243903,79.2885365853658,81.1526829268293,81.6778048780488,80.5724390243902,80.7973170731707,81.0121951219512,81.2270731707317,81.4419512195122,81.6517073170732,63740.0,64154.0,64523.0,64888.0,65273.0,65636.0,65124.0,64564.0,64798.0,65001.0,65138.0,65237.0,64554.0,63873.0,63918.0,3.78,4.0599999,3.4400001,3.97,3.22,2.71,3.01,2.9300001,2.9200001,2.5799999,2.74,2.6300001,2.28,2.28,2.1700001,4
23,BOL,64.004,64.386,64.779,65.027,65.446,65.88,66.162,66.534,66.705,67.021,67.163,67.318,67.628,67.701,67.748,9216279.0,9377388.0,9542663.0,9711152.0,9880593.0,10051317.0,10223270.0,10396246.0,10569697.0,10743349.0,10916987.0,11090085.0,11263015.0,11435533.0,11606905.0,30.49,29.07,26.219999,31.459999,25.959999,24.51,32.25,27.16,25.23,23.85,25.129999,25.790001,25.969999,26.280001,24.719999,8
24,BRA,71.131,71.753,72.037,72.365,72.715,72.948,73.182,73.343,73.552,73.918,74.306,74.332,74.442,74.827,75.109,184722043.0,186797334.0,188820682.0,190779453.0,192672317.0,194517549.0,196353492.0,198185302.0,199977707.0,201721767.0,203459650.0,205188205.0,206859578.0,208504960.0,210166592.0,11.02,10.83,10.55,11.47,10.89,10.89,10.74,10.41,10.18,10.12,10.15,11.03,10.42,10.13,10.18,6
25,BRB,74.727,74.89,75.068,75.342,75.447,75.678,75.712,75.917,76.099,76.275,76.476,76.65,76.815,76.936,77.067,268505.0,269477.0,270425.0,271444.0,272635.0,273791.0,274711.0,275486.0,276197.0,276865.0,277493.0,278083.0,278649.0,279187.0,279688.0,1.9299999,2.1600001,2.0599999,2.03,2.03,2.26,2.8299999,2.05,2.25,1.8099999,1.67,1.89,2.1099999,2.3099999,1.9,7
26,BRN,74.65,74.731,74.783,74.818,74.84,74.846,74.849,74.858,74.827,74.799,74.779,74.75,74.733,74.722,74.712,360461.0,366717.0,372808.0,378748.0,384568.0,390311.0,396053.0,401506.0,406634.0,411702.0,416656.0,421437.0,425994.0,430276.0,434274.0,8.1999998,7.5,10.06,6.1199999,5.3499999,11.52,6.8600001,7.8000002,7.8499999,7.0,7.5900002,11.11,8.25,5.3200002,6.9699998,7
27,BTN,65.268,65.805,66.362,66.954,67.499,67.897,68.43,68.881,69.326,69.707,70.049,70.343,70.602,70.847,71.129,649991.0,663323.0,673260.0,681614.0,689737.0,697678.0,705516.0,713331.0,721145.0,728889.0,736357.0,743274.0,749761.0,756121.0,762096.0,25.450001,27.139999,27.51,26.08,27.01,31.299999,25.85,26.940001,29.389999,26.200001,28.860001,28.209999,26.18,26.41,28.620001,8
28,BWA,51.617,52.61,53.918,55.732,57.121,58.279,60.013,60.53,60.8,61.996,62.608,63.818,65.464,66.753,65.422,1859085.0,1892807.0,1928704.0,1966977.0,2007320.0,2048997.0,2091664.0,2134037.0,2175425.0,2217278.0,2260376.0,2305171.0,2352416.0,2401840.0,2451409.0,13.46,15.6,12.67,14.53,14.98,14.52,18.040001,12.79,14.48,14.23,11.85,15.07,13.92,13.1,14.02,9
29,CAF,46.038,46.433,46.851,47.426,48.016,48.648,49.255,49.948,50.686,50.902,50.566,52.793,53.46,53.721,54.369,4115138.0,4208834.0,4294352.0,4375569.0,4467233.0,4564540.0,4660067.0,4732022.0,4773306.0,4802428.0,4798734.0,4819333.0,4904177.0,4996741.0,5094780.0,25.73,24.620001,22.559999,25.1,25.719999,26.370001,26.26,28.049999,26.200001,27.59,25.58,25.370001,25.93,25.219999,27.33,11
30,CAN,79.8926829268293,80.1926829268293,80.3439024390244,80.5439024390244,80.6951219512195,80.9951219512195,81.2463414634146,81.4487804878049,81.6487804878049,81.7487804878049,81.8,81.9,81.9,81.9,82.0487804878049,31940655.0,32243753.0,32571174.0,32889025.0,33247118.0,33628895.0,34004889.0,34339328.0,34714222.0,35082954.0,35437435.0,35702908.0,36109487.0,36545236.0,37065084.0,7.8600001,8.5600004,7.54,7.3200002,7.2399998,6.7800002,6.5900002,6.8800001,6.4400001,6.73,6.9000001,6.8899999,5.6900001,6.3600001,6.1900001,4
31,CHE,81.0878048780488,81.2365853658537,81.490243902439,81.7414634146342,81.9926829268293,82.0439024390244,82.2463414634147,82.6951219512195,82.6975609756098,82.7975609756098,83.1975609756098,82.8975609756098,83.6024390243903,83.5512195121951,83.7536585365854,7389625.0,7437115.0,7483934.0,7551117.0,7647675.0,7743831.0,7824909.0,7912398.0,7996861.0,8089346.0,8188649.0,8282396.0,8373338.0,8451840.0,8514329.0,11.74,12.83,12.49,11.17,11.49,12.96,13.62,13.43,11.12,12.06,9.2299995,10.51,9.5900002,9.4499998,9.3699999,3
32,CHL,77.616,78.016,78.261,77.826,78.484,78.741,78.501,79.11,79.023,79.339,79.473,79.746,80.079,80.35,80.133,16017966.0,16175311.0,16334575.0,16495538.0,16661462.0,16833447.0,17004162.0,17173573.0,17341771.0,17509925.0,17687108.0,17870124.0,18083879.0,18368577.0,18701450.0,14.33,13.77,14.24,15.11,15.91,14.42,14.7,16.01,15.01,15.32,15.76,16.559999,18.01,16.91,15.32,3
33,CHN,73.748,74.111,74.504,74.762,74.872,75.343,75.599,75.903,76.192,76.452,76.717,76.977,77.218,77.248,77.744,1296075000.0,1303720000.0,1311020000.0,1317885000.0,1324655000.0,1331260000.0,1337705000.0,1345035000.0,1354190000.0,1363240000.0,1371860000.0,1379860000.0,1387790000.0,1396215000.0,1402760000.0,44.619999,47.700001,50.75,51.060001,50.5,48.27,47.02,52.790001,49.16,52.369999,49.889999,46.529999,43.029999,40.52,35.48,1
34,CIV,51.363,51.824,52.355,52.97,53.653,54.394,55.023,55.52,56.158,56.748,57.208,57.762,58.06,58.48,58.849,18544903.0,18970215.0,19394057.0,19817700.0,20244449.0,20677762.0,21120042.0,21562914.0,22010712.0,22469268.0,22995555.0,23596741.0,24213622.0,24848016.0,25493988.0,12.88,13.24,12.51,12.16,12.65,13.15,12.56,12.58,10.63,10.55,10.66,10.99,10.87,10.64,10.79,13
35,CMR,54.178,54.362,54.856,55.165,55.655,56.102,56.582,57.133,57.792,58.476,58.935,59.658,60.233,60.81,61.18,16809407.0,17275171.0,17751333.0,18251866.0,18777081.0,19319274.0,19878036.0,20448873.0,21032684.0,21632850.0,22299585.0,23012646.0,23711630.0,24393181.0,25076747.0,30.57,30.32,28.110001,29.35,32.189999,30.41,31.459999,30.139999,29.360001,30.51,28.57,28.030001,30.540001,30.76,30.440001,8
36,COD,53.426,53.927,54.534,54.923,55.339,55.836,56.417,57.069,57.248,57.762,58.296,58.49,59.066,59.411,59.942,54815607.0,56550247.0,58381630.0,60289422.0,62249724.0,64270232.0,66391257.0,68654269.0,70997870.0,73460021.0,76035588.0,78656904.0,81430977.0,84283273.0,87087355.0,35.810001,35.66,30.469999,33.919998,35.34,34.580002,38.040001,35.959999,37.669998,39.400002,34.48,37.299999,35.080002,30.65,32.310001,8
37,COL,72.695,73.081,73.468,73.837,74.295,74.742,75.033,75.32,75.597,75.827,76.043,76.257,76.471,76.646,76.748,41648268.0,42220940.0,42772910.0,43306582.0,43815313.0,44313917.0,44816108.0,45308899.0,45782417.0,46237930.0,46677947.0,47119728.0,47625955.0,48351671.0,49276961.0,14.56,14.94,14.6,14.7,14.11,14.57,16.26,15.49,15.57,15.23,15.8,15.1,15.58,15.01,14.16,2
38,COM,59.48,59.604,59.875,60.102,60.475,60.831,61.123,61.503,61.834,62.224,62.516,62.896,63.237,63.625,63.912,581154.0,592683.0,604658.0,616899.0,629470.0,642493.0,656024.0,670071.0,684553.0,699393.0,714612.0,730216.0,746232.0,761664.0,776313.0,4.4000001,5.0500002,6.0300002,6.3699999,5.0799999,6.0700002,5.73,6.23,5.5599999,6.0799999,4.48,4.98,5.5100002,5.9200001,5.5,12
39,CPV,71.999,72.68,72.239,72.835,72.508,73.088,73.499,74.257,74.484,75.059,75.24,74.62,75.742,76.593,75.733,486583.0,492827.0,498884.0,504733.0,510336.0,515638.0,521212.0,527521.0,533864.0,539940.0,546076.0,552166.0,558394.0,564954.0,571202.0,2.04,2.3,2.27,2.1500001,2.1199999,1.9299999,2.24,1.83,1.84,1.92,1.65,2.05,1.87,2.01,2.04,7
40,CRI,78.331,78.505,78.514,78.462,78.445,78.672,78.67,79.348,79.283,79.403,78.774,79.086,79.459,79.377,79.484,4252800.0,4315887.0,4378172.0,4440019.0,4501921.0,4563127.0,4622252.0,4679926.0,4736593.0,4791535.0,4844288.0,4895242.0,4945205.0,4993842.0,5040734.0,9.1999998,11.15,10.71,11.24,10.89,10.54,13.26,12.43,11.1,11.34,10.62,10.11,11.4,11.88,10.03,3
41,CUB,76.912,77.047,77.179,77.307,77.429,77.548,77.661,77.76,77.833,77.87,77.853,77.772,77.643,77.529,77.496,11225294.0,11246114.0,11260630.0,11269887.0,11276609.0,11283185.0,11290417.0,11298710.0,11309290.0,11321579.0,11332026.0,11339894.0,11342012.0,11336405.0,11328244.0,6.5500002,6.8699999,6.3899999,5.9299998,5.0700002,5.6399999,6.27,6.4200001,5.4699998,5.5700002,5.73,5.5700002,5.4699998,5.5900002,5.4000001,4
42,CYP,77.944,78.101,78.371,78.81,78.981,79.401,79.665,79.999,80.109,80.402,80.771,80.966,81.056,81.328,81.382,1018684.0,1037062.0,1055438.0,1073873.0,1092390.0,1110974.0,1129686.0,1145086.0,1156556.0,1166968.0,1176995.0,1187280.0,1197881.0,1208523.0,1218831.0,11.49,12.54,12.75,13.07,12.87,13.35,11.5,16.940001,18.24,12.23,11.99,12.36,11.24,11.76,10.46,3
43,CZE,75.7219512195122,75.9243902439025,76.5243902439024,76.7243902439025,76.9756097560976,77.0780487804878,77.4243902439025,77.8731707317073,78.0756097560976,78.1756097560976,78.8243902439024,78.5780487804878,79.0268292682927,78.9780487804878,79.0292682926829,10197101.0,10211216.0,10238905.0,10298828.0,10384603.0,10443936.0,10474410.0,10496088.0,10510785.0,10514272.0,10525347.0,10546059.0,10566332.0,10594438.0,10629928.0,19.280001,21.42,21.209999,15.63,15.48,17.59,20.32,18.799999,16.68,17.65,16.780001,14.94,15.16,15.2,15.53,3
44,DEU,78.6804878048781,78.9317073170732,79.1317073170732,79.5341463414634,79.7365853658537,79.8365853658537,79.9878048780488,80.4365853658537,80.5390243902439,80.490243902439,81.090243902439,80.6414634146341,80.990243902439,80.9926829268293,80.8926829268293,82516260.0,82469422.0,82376451.0,82266372.0,82110097.0,81902307.0,81776930.0,80274983.0,80425823.0,80645605.0,80982500.0,81686611.0,82348669.0,82657002.0,82905782.0,13.36,13.52,13.82,11.94,12.21,13.47,14.47,13.79,11.28,12.26,11.84,10.67,10.59,10.57,10.83,3
45,DJI,57.759,58.316,58.715,59.024,59.365,59.673,60.259,60.433,60.848,61.221,61.641,61.957,62.191,62.797,63.038,818373.0,830861.0,846947.0,865196.0,882886.0,901103.0,919199.0,936811.0,954297.0,971753.0,989087.0,1006259.0,1023261.0,1040233.0,1057198.0,15.9,16.309999,17.26,18.02,16.389999,17.15,18.77,20.17,18.190001,17.469999,17.549999,18.450001,17.620001,18.969999,19.52,9
46,DNK,77.4926829268293,77.8439024390244,78.0951219512195,78.1951219512195,78.4463414634146,78.5975609756098,79.1,79.8,80.0512195121951,80.3,80.7,80.7024390243902,80.8536585365854,81.1024390243903,80.9536585365854,5404523.0,5419432.0,5437272.0,5461438.0,5493621.0,5523095.0,5547683.0,5570572.0,5591572.0,5614932.0,5643475.0,5683483.0,5728010.0,5764980.0,5793636.0,8.8500004,9.25,10.0,8.8500004,8.5100002,9.6999998,10.11,11.31,8.1400003,7.8400002,9.54,7.8000002,7.3099999,7.1100001,8.6499996,3
47,DOM,70.331,70.875,71.165,71.371,71.658,71.871,72.093,72.221,72.514,72.713,72.867,72.953,72.987,73.063,73.232,9043127.0,9164768.0,9284168.0,9402206.0,9522948.0,9648061.0,9775755.0,9903737.0,10030882.0,10157051.0,10282115.0,10405832.0,10527592.0,10647244.0,10765531.0,5.79,7.79,6.9200001,6.6900001,5.9699998,6.1100001,7.3899999,6.48,6.1500001,6.23,6.8400002,6.5999999,7.1700001,7.4699998,7.0700002,7
48,DZA,71.762,72.061,72.334,72.602,72.941,73.62,73.808,74.123,74.202,74.615,75.11,75.622,75.732,75.743,76.066,32510186.0,32956690.0,33435080.0,33983827.0,34569592.0,35196037.0,35856344.0,36543541.0,37260563.0,38000626.0,38760168.0,39543154.0,40339329.0,41136546.0,41927007.0,5.3400002,6.6999998,6.7199998,6.52,5.4899998,6.23,5.2199998,6.5500002,6.5100002,6.1300001,5.0500002,6.5700002,5.29,6.21,5.6999998,7
49,ECU,74.279,74.514,74.689,74.844,74.983,75.184,75.43,75.743,76.062,76.369,76.622,76.789,76.763,76.972,77.094,13534593.0,13770012.0,14009061.0,14251835.0,14496797.0,14742766.0,14989585.0,15237728.0,15483883.0,15722989.0,15957994.0,16195902.0,16439585.0,16696944.0,17015672.0,16.09,17.200001,16.030001,16.219999,16.51,16.27,18.030001,16.280001,16.440001,16.34,16.09,16.200001,16.559999,15.88,15.63,2
50,EGY,68.613,68.779,68.977,69.128,69.319,69.48,69.664,69.88,70.085,70.052,70.415,70.483,70.844,71.302,71.367,77522427.0,79075310.0,80629670.0,82218755.0,83844783.0,85501064.0,87252413.0,89200054.0,91240376.0,93377890.0,95592324.0,97723799.0,99784030.0,101789386.0,103740765.0,15.41,15.93,17.68,17.059999,16.610001,16.690001,15.1,18.49,19.940001,16.200001,16.440001,17.9,17.129999,18.93,17.120001,2
51,ERI,59.899,60.597,61.611,62.116,62.573,63.328,63.787,64.402,64.838,65.067,65.6,66.033,66.289,66.577,67.067,2763140.0,2831732.0,2880093.0,2926168.0,3005779.0,3083888.0,3147727.0,3207570.0,3252596.0,3296367.0,3323425.0,3340006.0,3365287.0,3396933.0,3445374.0,10.64,11.24,12.03,12.6,12.66,12.32,12.13,14.24,12.74,11.69,12.33,13.27,12.57,14.63,13.62,12
52,ESP,79.8707317073171,80.1707317073171,80.8219512195122,80.8731707317073,81.1756097560976,81.4756097560976,81.6268292682927,82.4756097560976,82.4268292682927,83.0780487804878,83.2292682926829,82.8317073170732,83.3292682926829,83.2829268292683,83.4317073170732,42921895.0,43653155.0,44397319.0,45226803.0,45954106.0,46362946.0,46576897.0,46742697.0,46773055.0,46620045.0,46480882.0,46444832.0,46484062.0,46593236.0,46797754.0,9.0,9.5299997,9.3199997,9.6400003,7.71,8.1099997,7.3400002,8.1499996,7.6999998,7.3600001,6.4299998,7.3299999,6.6300001,6.6500001,6.9200001,4
53,EST,71.909756097561,72.5682926829268,72.6914634146341,72.8146341463415,73.7707317073171,74.8243902439024,75.4292682926829,76.2292682926829,76.3268292682927,77.1414634146341,77.0341463414634,77.590243902439,77.6414634146342,78.0926829268293,78.2439024390244,1362550.0,1354775.0,1346810.0,1340680.0,1337090.0,1334515.0,1331475.0,1327439.0,1322696.0,1317997.0,1314545.0,1315407.0,1315790.0,1317384.0,1321977.0,7.8299999,8.0299997,9.3400002,8.71,7.98,8.2200003,9.0299997,7.1700001,7.5300002,7.3000002,8.0600004,6.3000002,5.8800001,5.3299999,6.9899998,7
54,ETH,53.235,54.008,55.149,56.426,57.592,58.804,59.73,60.721,61.543,62.373,62.905,63.649,64.392,64.838,65.412,75301026.0,77469940.0,79691050.0,81996185.0,84357105.0,86755585.0,89237791.0,91817929.0,94451280.0,97084366.0,99746766.0,102471895.0,105293228.0,108197950.0,111129438.0,13.43,14.13,14.94,16.459999,15.13,15.29,16.41,17.4,15.51,16.27,15.98,17.309999,16.34,16.379999,15.95,9
55,FIN,78.7146341463415,78.8170731707317,79.2146341463415,79.2634146341464,79.5682926829268,79.719512195122,79.8707317073171,80.4707317073171,80.6268292682927,80.9756097560976,81.1804878048781,81.4804878048781,81.4292682926829,81.6317073170732,81.7341463414634,5228172.0,5246096.0,5266268.0,5288720.0,5313399.0,5338871.0,5363352.0,5388272.0,5413971.0,5438972.0,5461512.0,5479531.0,5495303.0,5508214.0,5515525.0,6.3200002,6.25,7.3699999,6.5700002,5.75,6.1599998,6.9699998,5.8000002,5.9200001,5.3200002,6.2199998,4.77,4.6799998,4.0500002,4.9299998,4
56,FJI,66.424,66.632,66.855,66.826,66.935,67.089,67.328,67.523,67.552,67.428,67.376,66.844,67.24,67.79,67.81,866694.0,874923.0,883083.0,890648.0,896731.0,901383.0,905169.0,908355.0,911059.0,913453.0,915560.0,917200.0,918371.0,919019.0,918996.0,1.72,1.76,1.65,1.89,2.6800001,1.86,1.88,2.04,1.76,1.83,1.7,1.89,1.76,2.24,2.04,5
57,FRA,80.1634146341463,80.1634146341463,80.8121951219512,81.1121951219512,81.2146341463415,81.4146341463415,81.6634146341463,82.1146341463415,81.9682926829268,82.219512195122,82.719512195122,82.3219512195122,82.5731707317073,82.5756097560976,82.6756097560976,62716306.0,63188395.0,63628261.0,64021737.0,64379696.0,64710879.0,65030575.0,65345233.0,65662240.0,66002289.0,66312067.0,66548272.0,66724104.0,66918020.0,67158348.0,10.75,11.29,11.05,11.11,11.42,12.81,13.91,13.22,11.53,12.43,9.0600004,9.8299999,9.3299999,8.8299999,8.8000002,3
58,FRO,79.0926829268293,79.290243902439,79.6390243902439,79.9878048780488,80.1365853658537,80.3853658536585,80.6878048780488,80.9390243902439,81.190243902439,81.4414634146341,81.5926829268293,81.7926829268293,82.0926829268293,82.2926829268293,82.5439024390244,47989.0,48291.0,48313.0,48361.0,48411.0,48429.0,48410.0,48386.0,48392.0,48418.0,48465.0,48816.0,49500.0,50230.0,50955.0,2.0,1.76,2.3699999,1.89,2.1900001,2.21,2.03,2.02,1.6,2.24,2.6900001,1.88,1.4,1.88,1.95,4
59,FSM,70.838,70.884,71.093,71.06,71.137,71.112,71.233,71.318,71.398,71.499,71.529,71.408,71.595,71.467,71.318,111438.0,110940.0,110301.0,109532.0,108704.0,107868.0,107588.0,107887.0,108232.0,108609.0,109024.0,109462.0,109925.0,110430.0,110929.0,0.97000003,0.81999999,0.97000003,0.76999998,0.66000003,1.0700001,0.70999998,0.93000001,0.88,0.91000003,1.29,1.42,0.81,0.69999999,0.88,7
60,GAB,61.838,61.959,62.375,62.618,63.083,63.303,63.898,64.045,64.587,64.776,64.974,65.46,65.802,66.189,66.306,1417110.0,1458353.0,1502534.0,1549774.0,1599978.0,1653542.0,1711105.0,1772500.0,1836705.0,1902226.0,1966855.0,2028517.0,2086206.0,2140215.0,2192012.0,21.940001,17.639999,17.33,21.82,24.27,21.360001,22.84,22.83,21.82,24.32,21.48,23.389999,23.75,20.860001,22.4,9
61,GBR,78.7463414634146,79.0487804878049,79.2487804878049,79.4487804878049,79.6,80.0512195121951,80.4024390243902,80.9512195121951,80.9048780487805,81.0048780487805,81.3048780487805,80.9560975609756,81.1560975609756,81.2560975609756,81.2560975609756,59987905.0,60401206.0,60846820.0,61322463.0,61806995.0,62276270.0,62766365.0,63258810.0,63700215.0,64128273.0,64602298.0,65116219.0,65611593.0,66058859.0,66460344.0,9.3100004,9.5799999,9.6300001,9.5600004,9.1199999,9.2799997,10.59,10.52,9.1099997,10.23,9.6899996,8.04,8.6000004,8.25,8.5699997,3
62,GEO,70.567,71.13,71.394,71.568,71.332,71.95,72.128,72.39,72.412,72.628,73.099,73.297,73.569,73.57,73.341,3927340.0,3902469.0,3880347.0,3860158.0,3848449.0,3814419.0,3786695.0,3756441.0,3728874.0,3717668.0,3719414.0,3725276.0,3727505.0,3728004.0,3726549.0,13.42,14.18,13.85,14.77,13.98,14.7,13.07,15.52,15.36,14.75,15.3,15.09,13.31,15.7,13.18,2
63,GHA,59.191,59.76,59.988,60.224,60.49,60.946,61.157,61.652,62.081,62.42,63.045,63.175,63.89,64.013,64.122,21906444.0,22496951.0,23098586.0,23708320.0,24326087.0,24950762.0,25574719.0,26205941.0,26858762.0,27525597.0,28196358.0,28870939.0,29554303.0,30222262.0,30870641.0,15.16,15.48,14.49,14.8,15.66,14.98,14.88,14.71,12.59,11.93,12.15,12.81,13.45,13.26,13.07,9
64,GIB,80.948,81.442,80.393,78.514,80.13,81.243,80.958,81.871,83.366,80.55,81.882,80.427,81.702,81.83,82.154,28716.0,29155.0,29587.0,29996.0,30398.0,30819.0,31262.0,31701.0,32160.0,32411.0,32452.0,32520.0,32565.0,32602.0,32648.0,9.0,9.3000002,10.0,11.1,9.1000004,8.1999998,7.4000001,9.0,9.0,9.6000004,8.1000004,9.8000002,7.9000001,8.0,8.8999996,3
65,GIN,54.117,54.632,55.108,55.553,56.044,56.348,56.72,57.019,57.406,57.791,57.886,58.134,58.763,59.109,59.349,8961039.0,9140114.0,9330625.0,9547082.0,9779785.0,10021323.0,10270728.0,10527712.0,10788692.0,11055430.0,11333365.0,11625998.0,11930985.0,12240789.0,12554864.0,11.95,11.49,10.95,10.49,11.16,13.24,12.97,11.53,10.61,11.52,11.61,10.49,10.8,10.72,10.41,13
66,GMB,58.088,58.394,59.06,59.394,60.082,60.427,60.717,61.526,62.096,62.114,62.269,62.494,63.013,62.995,63.04,1612225.0,1660368.0,1711294.0,1764883.0,1820542.0,1878119.0,1937275.0,1998212.0,2061014.0,2124869.0,2189019.0,2253133.0,2317206.0,2381182.0,2444916.0,5.4099998,5.8600001,6.3200002,5.8899999,6.1100001,6.77,6.9899998,6.1100001,6.3600001,6.1700001,6.1900001,6.6799998,5.9000001,6.1799998,5.5100002,12
67,GNB,52.15,52.249,53.371,54.155,54.646,55.541,56.23,56.967,57.69,58.232,58.61,59.128,59.674,60.066,60.502,1347009.0,1379713.0,1414091.0,1450572.0,1488431.0,1527196.0,1567220.0,1609017.0,1652717.0,1697753.0,1743309.0,1788919.0,1834552.0,1879826.0,1924955.0,7.73,7.96,8.29,7.6399999,7.7600002,9.3199997,9.0600004,8.0200005,7.8099999,7.9699998,8.3900003,8.0600004,7.4099998,7.5300002,7.1500001,13
68,GNQ,55.036,55.464,56.046,56.54,57.074,57.431,57.878,58.412,58.865,59.224,59.595,60.103,60.479,60.821,61.191,826355.0,864726.0,905418.0,948814.0,994971.0,1043686.0,1094524.0,1144588.0,1193636.0,1243941.0,1295183.0,1346973.0,1398927.0,1450694.0,1502091.0,25.719999,22.370001,21.01,25.24,27.66,25.57,27.549999,26.23,24.49,27.139999,24.0,26.030001,27.6,25.68,26.09,8
69,GRC,79.0390243902439,79.2390243902439,79.4390243902439,79.4390243902439,79.9390243902439,80.1878048780488,80.3878048780488,80.7317073170732,80.6341463414634,81.2853658536585,81.3853658536585,81.0365853658537,81.3878048780488,81.2878048780488,81.7878048780488,10955141.0,10987314.0,11020362.0,11048473.0,11077841.0,11107017.0,11121341.0,11104899.0,11045011.0,10965211.0,10892413.0,10820883.0,10775971.0,10754679.0,10732882.0,13.28,14.91,15.78,16.17,14.22,12.95,9.9499998,15.85,14.27,10.75,11.2,12.01,11.29,11.62,10.89,3
70,GRD,71.788,73.521,73.7,74.317,74.656,75.036,74.999,75.295,75.042,75.116,74.985,75.013,74.762,74.765,74.808,109516.0,110254.0,110988.0,111725.0,112478.0,113249.0,114039.0,114918.0,115912.0,116945.0,117972.0,118980.0,119966.0,120921.0,121838.0,2.05,2.22,2.1199999,2.0599999,2.22,2.25,3.21,2.22,2.28,1.88,1.76,2.03,2.2,2.4200001,1.9,7
71,GRL,68.5926829268293,68.4273170731707,68.6665853658537,69.3726829268293,70.0151219512195,70.5319512195122,70.2919512195122,69.8541463414634,70.55,71.5734146341464,71.9856097560976,71.9773170731707,71.8251219512195,71.579756097561,71.8865853658537,56911.0,56935.0,56774.0,56555.0,56328.0,56323.0,56905.0,56890.0,56810.0,56483.0,56295.0,56114.0,56186.0,56171.0,56023.0,1.26,1.02,1.02,1.02,1.33,1.05,1.0599999,1.09,1.1900001,1.0700001,1.26,0.94999999,0.85000002,1.0700001,0.82999998,7
72,GTM,69.165,69.168,69.812,70.1,70.356,70.641,70.878,71.177,71.463,71.728,71.964,72.103,72.355,72.551,72.726,12682108.0,12948292.0,13213330.0,13477017.0,13739299.0,14000190.0,14259687.0,14521515.0,14781942.0,15043981.0,15306316.0,15567419.0,15827690.0,16087418.0,16346950.0,23.040001,29.82,25.950001,27.17,25.950001,27.129999,26.98,28.01,27.23,28.57,26.57,25.790001,27.02,26.91,24.610001,0
73,GUM,76.923,77.182,77.136,77.098,77.185,77.094,76.879,76.872,76.707,76.72,76.749,76.616,76.877,77.155,77.439,164004.0,164430.0,164675.0,164763.0,164725.0,164580.0,164905.0,165649.0,166392.0,167054.0,167543.0,167978.0,168346.0,168606.0,168678.0,1.03,0.99000001,1.08,0.92000002,0.82999998,0.92000002,0.77999997,0.88999999,1.15,1.02,1.3099999,1.5700001,0.76999998,0.92000002,0.72000003,4
74,GUY,64.93,65.132,65.667,66.254,66.288,66.563,66.743,66.982,67.23,67.473,67.882,68.201,68.384,68.667,68.896,760424.0,759709.0,758367.0,756521.0,754150.0,751258.0,747932.0,744230.0,743966.0,747420.0,751115.0,755031.0,759087.0,763252.0,785514.0,6.5900002,7.21,6.4899998,6.2399998,7.4499998,6.6799998,7.6900001,6.3800001,6.4499998,5.8499999,5.46,5.6999998,6.1799998,5.4099998,5.1599998,12
75,HND,69.796,70.104,70.261,70.376,70.441,70.911,71.088,71.439,71.734,71.963,72.259,72.487,72.588,72.692,72.814,7383407.0,7564613.0,7745200.0,7924462.0,8101777.0,8277302.0,8450933.0,8622504.0,8792367.0,8960657.0,9127846.0,9294505.0,9460798.0,9626842.0,9792850.0,19.969999,26.24,22.27,22.290001,24.030001,22.110001,23.15,26.66,21.43,24.940001,22.35,20.68,20.92,21.889999,20.07,0
76,HRV,75.520243902439,75.2446341463415,75.8368292682927,75.7056097560976,75.9121951219512,76.1682926829268,76.4756097560976,76.7756097560976,76.9243902439024,77.1268292682927,77.4780487804878,77.2756097560976,78.0219512195122,77.8268292682927,78.0707317073171,4304600.0,4310145.0,4311159.0,4310217.0,4309705.0,4305181.0,4295427.0,4280622.0,4267558.0,4255689.0,4238389.0,4203604.0,4174349.0,4124531.0,4087843.0,19.32,21.450001,21.360001,17.26,16.85,17.51,17.85,21.57,17.889999,17.209999,14.9,17.959999,17.110001,16.82,16.209999,0
77,HTI,58.475,60.415,60.763,61.103,61.332,61.741,46.019,61.623,62.291,62.605,62.987,63.237,63.392,63.854,64.019,8961489.0,9111900.0,9266288.0,9420826.0,9575247.0,9730638.0,9842880.0,9954312.0,10108539.0,10261206.0,10412740.0,10563757.0,10713849.0,10863543.0,11012421.0,7.21,8.8500004,8.29,7.96,7.71,8.0799999,9.1899996,8.3999996,7.8099999,8.3299999,8.4300003,8.4899998,7.9899998,8.3999996,8.1599998,12
78,HUN,72.6487804878049,72.6487804878049,73.0975609756098,73.1512195121951,73.7024390243903,73.9048780487805,74.2073170731707,74.8585365853659,75.0634146341463,75.5658536585366,75.7634146341463,75.5682926829269,76.0634146341464,75.8170731707317,76.0658536585366,10107146.0,10087065.0,10071370.0,10055780.0,10038188.0,10022650.0,10000023.0,9971727.0,9920362.0,9893082.0,9866468.0,9843028.0,9814023.0,9787966.0,9775564.0,20.690001,21.700001,22.08,15.97,16.15,18.450001,18.76,21.83,18.15,17.559999,15.73,17.43,15.3,17.299999,15.65,2
79,IDN,65.75,67.649,67.914,68.189,68.226,68.494,68.679,68.823,68.973,69.264,69.533,69.699,69.798,69.936,70.338,225938595.0,228805144.0,231797427.0,234858289.0,237936543.0,240981299.0,244016173.0,247099697.0,250222695.0,253275918.0,256229761.0,259091970.0,261850182.0,264498852.0,267066843.0,18.700001,18.23,22.309999,18.5,17.33,19.83,17.93,19.389999,19.549999,18.91,22.889999,24.469999,18.92,16.32,18.34,6
80,IMN,76.966,77.623,78.191,78.331,78.449,78.681,78.983,79.19,79.337,79.473,80.037,78.905,80.314,80.457,80.596,78677.0,79415.0,80228.0,81100.0,81997.0,82915.0,83828.0,84350.0,84338.0,84144.0,83896.0,83593.0,83450.0,83580.0,83775.0,4.7199998,5.3000002,5.6599998,5.8499999,5.3800001,5.4499998,6.2399998,5.9099998,5.1900001,6.5,5.3899999,5.0700002,4.8000002,4.5799999,5.3600001,4
81,IND,64.524,64.996,65.412,65.788,66.149,66.513,66.909,67.359,67.887,68.46,69.074,69.636,70.117,70.467,70.71,1136264583.0,1154638713.0,1172373788.0,1189691809.0,1206734806.0,1223640160.0,1240613620.0,1257621191.0,1274487215.0,1291132063.0,1307246509.0,1322866505.0,1338636340.0,1354195680.0,1369003306.0,44.5,45.540001,47.240002,49.040001,52.400002,52.0,52.330002,55.959999,50.970001,53.220001,51.700001,51.619999,55.099998,52.889999,53.450001,1
82,IRL,78.5390243902439,78.9439024390244,79.2414634146342,79.6414634146341,80.0951219512195,80.190243902439,80.7439024390244,80.7463414634146,80.8463414634146,80.9487804878049,81.3487804878049,81.4536585365854,81.6536585365854,82.1560975609756,82.2048780487805,4070262.0,4159914.0,4273591.0,4398942.0,4489544.0,4535375.0,4560155.0,4580084.0,4599533.0,4623816.0,4657740.0,4701957.0,4755335.0,4807388.0,4867316.0,5.0500002,5.6900001,5.4299998,5.9499998,5.54,5.3800001,6.6300001,5.54,5.4699998,6.4099998,5.04,4.5900002,4.9400001,4.1799998,4.79,4
83,IRN,71.37,71.838,72.276,72.772,72.624,72.698,73.069,73.679,74.186,74.449,74.782,75.124,75.6,75.971,76.195,69061674.0,70182594.0,71275760.0,72319418.0,73318394.0,74322685.0,75373855.0,76342971.0,77324451.0,78458928.0,79961672.0,81790841.0,83306231.0,84505076.0,85617562.0,12.94,14.17,15.18,15.11,16.17,16.75,16.23,18.049999,17.889999,15.33,17.01,16.16,15.43,17.620001,16.5,2
84,IRQ,65.031,64.844,63.587,63.553,64.942,66.446,67.062,67.659,68.023,68.253,68.914,69.44,68.988,70.413,71.514,27858948.0,28698684.0,28905607.0,28660887.0,29218381.0,30289040.0,31264875.0,32378061.0,33864447.0,35481800.0,36746488.0,37757813.0,38697943.0,39621162.0,40590700.0,17.84,21.309999,20.65,21.1,25.02,27.67,24.98,26.860001,28.65,25.950001,24.469999,24.799999,22.780001,25.110001,26.309999,8
85,ISL,80.9975609756098,81.5024390243902,81.1585365853659,81.4536585365854,81.609756097561,81.7512195121951,81.8975609756097,82.3585365853659,82.9170731707317,82.0609756097561,82.8609756097561,82.4682926829268,82.2048780487805,82.6609756097561,82.8609756097561,292074.0,296734.0,303782.0,311566.0,317414.0,318499.0,318041.0,319014.0,320716.0,323764.0,327386.0,330815.0,335439.0,343400.0,352721.0,2.6800001,2.3900001,2.4000001,2.28,2.4100001,2.6300001,3.1500001,2.5599999,2.3800001,2.75,2.8800001,2.3499999,2.47,2.6500001,2.1300001,4
86,ISR,80.1463414634146,80.1512195121951,80.5536585365854,80.5048780487805,80.9512195121951,81.4048780487805,81.6024390243903,81.6560975609756,81.7048780487805,82.0560975609756,82.1536585365854,82.0512195121951,82.4073170731707,82.5512195121951,82.8024390243903,6809000.0,6930100.0,7053700.0,7180100.0,7308800.0,7485600.0,7623600.0,7765800.0,7910500.0,8059500.0,8215700.0,8380100.0,8546000.0,8713300.0,8882800.0,10.14,10.43,11.18,11.22,10.74,11.32,10.98,12.18,13.24,11.39,10.39,12.81,10.6,12.15,11.84,3
87,ITA,80.7804878048781,80.7829268292683,81.2829268292683,81.4341463414634,81.4853658536585,81.6365853658537,82.0365853658537,82.1878048780488,82.2390243902439,82.690243902439,83.090243902439,82.5439024390244,83.2439024390244,82.9463414634147,83.3463414634146,57685327.0,57969484.0,58143979.0,58438310.0,58826731.0,59095365.0,59277417.0,59379449.0,59539717.0,60233948.0,60789140.0,60730582.0,60627498.0,60536709.0,60421760.0,15.97,17.74,18.690001,17.540001,15.28,15.33,15.15,17.860001,15.66,14.75,11.66,15.44,12.82,14.73,12.11,3
88,JAM,70.86,71.044,71.199,71.418,71.612,72.124,72.622,73.094,73.433,73.412,72.982,72.394,72.02,71.911,71.793,2664024.0,2676863.0,2689660.0,2701221.0,2711373.0,2722401.0,2733896.0,2746169.0,2759817.0,2773129.0,2784543.0,2794445.0,2802695.0,2808376.0,2811835.0,10.68,12.2,12.08,10.31,11.21,10.93,12.73,11.24,11.17,10.69,11.33,10.82,10.87,10.8,10.53,2
89,JOR,72.772,72.932,73.145,73.373,73.591,73.801,74.0,74.189,74.366,74.562,74.789,75.011,75.215,75.502,75.774,5532423.0,5678534.0,6075548.0,6473457.0,6632873.0,6780493.0,6931258.0,7109980.0,7211863.0,7694814.0,8658026.0,9494246.0,9964656.0,10215381.0,10459865.0,13.63,14.02,14.7,14.88,14.66,15.38,14.46,16.629999,18.9,15.55,14.31,17.58,16.110001,16.700001,16.700001,2
90,JPN,82.030243902439,81.9251219512195,82.3219512195122,82.5070731707317,82.5875609756098,82.9314634146342,82.8426829268293,82.5912195121951,83.0960975609756,83.3319512195122,83.5878048780488,83.7939024390244,83.9848780487805,84.099756097561,84.2109756097561,127761000.0,127773000.0,127854000.0,128001000.0,128063000.0,128047000.0,128070000.0,127833000.0,127629000.0,127445000.0,127276000.0,127141000.0,127076000.0,126972000.0,126811000.0,12.2,13.1,13.67,12.82,14.04,12.38,11.03,11.3,12.18,11.39,12.39,11.77,11.14,11.06,10.94,3
91,KAZ,66.06,65.86,66.15,66.34,67.11,68.39,68.45,68.69,69.52,70.62,71.44,71.97,72.41,72.95,73.15,15012984.0,15147029.0,15308085.0,15484192.0,15776938.0,16092822.0,16321872.0,16557202.0,16792090.0,17035551.0,17288285.0,17542806.0,17794055.0,18037776.0,18276452.0,12.25,13.35,12.18,13.68,15.28,14.98,13.97,14.87,16.75,13.44,13.92,13.38,13.96,14.76,13.51,2
92,KEN,56.361,57.344,58.222,58.865,59.614,60.365,60.649,61.046,61.115,61.389,61.816,61.892,62.163,62.481,62.676,34791836.0,35843010.0,36925253.0,38036793.0,39186895.0,40364444.0,41517895.0,42635144.0,43725806.0,44792368.0,45831863.0,46851488.0,47894670.0,48948137.0,49953304.0,14.92,14.6,15.64,17.9,15.43,15.18,17.120001,17.110001,16.99,17.43,15.46,15.99,16.040001,13.96,15.89,9
93,KGZ,68.1536585365854,67.9560975609756,67.6951219512195,67.8951219512195,68.4512195121951,69.1024390243903,69.3,69.6024390243903,70.0024390243902,70.2024390243902,70.4024390243902,70.6512195121951,70.9512195121951,71.2,71.4,5104700.0,5162600.0,5218400.0,5268400.0,5318700.0,5383300.0,5447900.0,5514600.0,5607200.0,5719600.0,5835500.0,5956900.0,6079500.0,6198200.0,6322800.0,14.09,15.33,15.12,16.15,15.04,17.049999,13.91,17.24,18.790001,15.92,14.82,15.22,15.56,15.89,14.68,2
94,KHM,63.552,64.293,65.059,65.731,66.47,67.444,67.712,68.416,68.915,69.304,69.736,69.873,70.224,70.515,70.561,13016371.0,13246583.0,13477779.0,13714791.0,13943888.0,14155740.0,14363532.0,14573885.0,14786640.0,14999683.0,15210817.0,15417523.0,15624584.0,15830689.0,16025238.0,19.18,18.92,17.49,19.780001,18.889999,16.469999,17.940001,17.559999,15.2,18.950001,16.809999,15.82,15.77,15.6,17.83,2
95,KIR,64.989,64.967,64.906,64.844,64.834,64.892,65.016,65.19,65.378,65.588,65.815,66.059,66.332,66.597,66.855,96224.0,98164.0,100083.0,101998.0,103966.0,105996.0,107995.0,109871.0,111618.0,113311.0,114985.0,116707.0,118513.0,120362.0,122261.0,0.93000001,1.14,1.05,0.79000002,0.70999998,1.02,0.75,0.67000002,0.81999999,0.88999999,1.1,1.5,0.83999997,0.74000001,0.89999998,5
96,KOR,77.6658536585366,78.1682926829268,78.6682926829268,79.119512195122,79.5170731707317,79.9682926829268,80.1170731707317,80.5682926829269,80.819512195122,81.2707317073171,81.7219512195122,82.0243902439024,82.2756097560976,82.6268292682927,82.6268292682927,48082519.0,48184561.0,48438292.0,48683638.0,49054708.0,49307835.0,49554112.0,49936638.0,50199853.0,50428893.0,50746659.0,51014947.0,51217803.0,51361911.0,51585058.0,21.610001,22.309999,23.780001,23.889999,23.790001,22.860001,21.059999,21.67,21.99,23.290001,23.809999,22.93,22.450001,20.700001,20.559999,0
97,KWT,76.792,76.903,76.887,77.017,77.145,77.442,77.982,78.464,78.812,79.164,79.445,79.562,79.701,79.781,79.722,2153481.0,2235403.0,2363409.0,2506769.0,2650930.0,2795550.0,2943356.0,3143825.0,3394663.0,3646518.0,3761584.0,3908743.0,4048085.0,4124904.0,4317185.0,12.26,12.7,14.59,14.67,17.23,17.73,18.58,17.129999,19.969999,15.9,18.889999,18.99,13.11,17.559999,18.85,3
98,LAO,60.293,60.98,61.493,62.084,62.603,63.273,63.973,64.736,65.355,65.718,66.361,66.67,67.167,67.434,67.634,5768167.0,5852970.0,5946593.0,6041348.0,6135861.0,6229930.0,6323418.0,6416327.0,6508803.0,6600742.0,6691454.0,6787419.0,6891363.0,6997917.0,7105006.0,29.42,28.959999,27.4,31.16,27.629999,26.389999,30.360001,27.74,25.809999,28.23,28.790001,25.65,28.370001,25.950001,23.83,8
99,LBN,75.976,76.273,76.08,77.08,77.584,77.889,78.156,78.404,78.628,78.765,78.973,79.229,79.505,79.654,79.729,4574797.0,4643044.0,4719864.0,4809608.0,4887613.0,4951135.0,4995800.0,5045056.0,5178337.0,5678851.0,6274342.0,6398940.0,6258619.0,6109252.0,5950839.0,13.85,14.6,14.92,15.25,13.9,15.12,13.36,16.9,17.809999,16.23,15.11,16.610001,15.13,15.96,15.7,3
100,LBR,56.013,56.912,57.62,58.285,58.772,59.194,59.433,59.62,59.913,59.943,59.121,59.148,60.416,60.553,60.853,3122447.0,3266318.0,3455397.0,3632740.0,3783887.0,3905066.0,4019956.0,4181150.0,4331740.0,4427313.0,4519398.0,4612329.0,4706097.0,4796631.0,4889391.0,11.73,12.56,11.82,11.15,12.26,14.48,12.77,12.32,10.45,11.73,11.36,11.52,11.51,10.91,10.65,13
101,LBY,71.49,71.592,71.724,71.863,72.269,72.356,72.374,70.071,72.247,72.34,71.511,71.698,71.756,72.482,72.794,5687563.0,5837986.0,5973369.0,6097177.0,6228370.0,6360191.0,6491988.0,6188132.0,5869870.0,5985221.0,6097764.0,6192235.0,6282196.0,6378261.0,6477793.0,6.4899998,7.4000001,7.6599998,7.1700001,6.79,7.0300002,5.9099998,7.7399998,7.46,7.4400001,5.6300001,7.7199998,6.1599998,7.0999999,6.1799998,7
102,LCA,72.028,72.245,72.465,72.599,72.698,72.722,72.72,72.944,72.882,72.735,72.864,73.138,73.112,73.127,73.357,164239.0,165386.0,166470.0,167518.0,168576.0,169688.0,170935.0,172145.0,173124.0,173978.0,174804.0,175623.0,176413.0,177163.0,177888.0,1.97,2.3599999,2.0799999,2.0,2.0699999,2.25,2.8800001,2.1500001,2.1500001,1.83,1.65,1.86,2.1300001,2.1500001,1.76,7
103,LIE,81.7707317073171,80.6682926829268,80.9487804878049,81.2951219512195,82.6829268292683,81.5,81.8414634146342,81.7926829268293,82.3829268292683,82.2609756097561,82.0731707317073,82.6560975609756,82.2585365853659,83.7463414634147,83.0414634146342,34300.0,34603.0,34889.0,35150.0,35401.0,35675.0,35926.0,36189.0,36505.0,36806.0,37096.0,37355.0,37609.0,37889.0,38181.0,12.86,14.72,14.15,12.1,11.61,13.01,13.66,12.99,11.06,12.3,9.29,10.64,9.75,9.8900003,9.9200001,3
104,LKA,67.091,72.118,71.969,72.049,71.729,69.187,73.215,73.38,73.906,74.239,74.651,74.927,75.331,75.403,75.748,19387153.0,19544988.0,19695977.0,19842044.0,19983984.0,20123508.0,20261738.0,20398496.0,20425000.0,20585000.0,20778000.0,20970000.0,21203000.0,21444000.0,21670000.0,17.299999,19.459999,18.629999,19.49,19.76,20.26,21.370001,22.370001,20.790001,21.85,20.77,20.219999,19.370001,18.92,20.139999,0
105,LSO,43.711,43.233,42.914,43.123,43.566,44.034,45.596,46.692,47.835,49.002,50.033,51.101,52.264,53.064,53.733,1985384.0,1977424.0,1976780.0,1983465.0,1995014.0,2009169.0,2022747.0,2037677.0,2054718.0,2073939.0,2095242.0,2118521.0,2143872.0,2170617.0,2198017.0,23.59,25.73,26.860001,23.459999,24.530001,24.950001,27.25,24.940001,22.98,22.43,22.219999,22.459999,21.9,24.41,22.790001,11
106,LTU,71.9609756097561,71.2536585365854,71.0560975609756,70.9,71.8121951219512,72.9146341463415,73.2682926829268,73.5634146341464,73.8634146341464,73.9146341463415,74.5170731707317,74.3219512195122,74.6707317073171,75.4804878048781,75.6804878048781,3377075.0,3322528.0,3269909.0,3231294.0,3198231.0,3162916.0,3097282.0,3028115.0,2987773.0,2957689.0,2932367.0,2904910.0,2868231.0,2828403.0,2801543.0,13.54,13.3,14.59,13.89,15.71,15.33,17.25,14.21,14.26,14.02,14.28,12.47,10.96,11.16,12.88,2
107,LUX,79.1219512195122,79.4317073170732,79.2878048780488,79.3829268292683,80.5390243902439,80.6365853658537,80.6317073170732,80.9878048780488,81.3926829268293,81.8,82.2292682926829,82.2926829268293,82.6853658536585,82.0951219512195,82.2951219512195,458095.0,465158.0,472637.0,479993.0,488650.0,497783.0,506953.0,518347.0,530946.0,543360.0,556319.0,569604.0,582014.0,596336.0,607950.0,12.92,12.48,12.51,12.06,12.73,13.98,14.14,13.49,11.81,13.35,10.55,10.65,10.11,9.6199999,9.6499996,3
108,LVA,72.0268292682927,71.3560975609756,70.8658536585366,71.019512195122,72.419512195122,73.0804878048781,73.4829268292683,73.5756097560976,73.7780487804878,73.9829268292683,74.1243902439024,74.4804878048781,74.580487804878,74.6292682926829,74.7829268292683,2263122.0,2238799.0,2218357.0,2200325.0,2177322.0,2141669.0,2097555.0,2059709.0,2034319.0,2012647.0,1993782.0,1977527.0,1959537.0,1942248.0,1927174.0,14.66,15.34,16.82,17.309999,16.58,16.4,17.469999,13.89,14.94,14.49,15.34,13.0,11.95,11.75,14.3,2
109,MAF,77.384,77.555,77.726,77.892,78.068,78.236,78.406,78.827,79.022,78.908,79.966,79.309,79.475,78.59,80.614,32697.0,33452.0,34183.0,34887.0,35541.0,36132.0,36458.0,36350.0,36026.0,35639.0,35261.0,35020.0,34811.0,34496.0,33852.0,1.89,2.6700001,2.3800001,2.0899999,1.88,1.97,3.0799999,1.98,2.47,1.6900001,1.76,1.97,2.1600001,1.97,1.67,4
110,MAR,68.231,68.704,69.128,69.604,70.048,70.458,70.829,71.269,71.679,72.122,72.538,72.92,73.284,73.66,73.986,30033125.0,30431902.0,30833022.0,31232633.0,31634992.0,32042877.0,32464865.0,32903699.0,33352169.0,33803527.0,34248603.0,34680458.0,35107264.0,35528115.0,35927511.0,7.25,8.54,8.4499998,8.6400003,7.3899999,6.9000001,6.8699999,7.3099999,7.2600002,8.1099997,6.6500001,8.4499998,7.29,6.73,7.73,7
111,MDA,67.861,68.169,68.479,68.947,69.394,69.573,69.357,69.192,69.143,69.099,69.031,69.24,69.917,70.516,70.492,2896023.0,2888985.0,2880967.0,2874299.0,2868833.0,2865213.0,2862354.0,2860699.0,2860324.0,2859558.0,2857815.0,2835978.0,2803186.0,2755189.0,2707203.0,17.030001,17.530001,18.65,15.13,14.7,15.57,14.4,16.629999,17.42,15.57,15.79,14.74,14.71,16.92,14.21,2
112,MDG,60.149,60.57,61.315,61.757,62.142,62.734,62.873,63.494,63.544,63.962,64.255,64.339,64.997,65.094,65.27,18250774.0,18792171.0,19350299.0,19924958.0,20513599.0,21117092.0,21731053.0,22348158.0,22966240.0,23588073.0,24215976.0,24850912.0,25501941.0,26169542.0,26846541.0,7.6300001,9.2200003,8.3900003,9.9799995,8.4700003,9.1499996,10.14,9.6099997,8.7299995,9.4799995,8.5900002,9.5600004,9.2399998,8.7399998,8.5699997,12
113,MDV,73.538,74.751,75.13,75.686,76.543,77.069,77.657,78.124,78.682,79.057,79.424,79.695,79.872,79.943,80.013,302135.0,307018.0,314401.0,325126.0,336883.0,349037.0,361575.0,374440.0,387539.0,400728.0,416738.0,435582.0,454252.0,472442.0,489758.0,12.14,11.15,12.01,15.06,13.39,14.07,12.07,15.28,12.66,13.02,13.82,12.3,15.21,14.01,14.63,3
114,MEX,74.372,74.376,74.331,74.238,74.152,74.119,74.19,74.365,74.574,74.739,74.797,74.682,74.412,74.138,74.015,103945813.0,105442402.0,106886790.0,108302973.0,109684489.0,111049428.0,112532401.0,114150481.0,115755909.0,117290686.0,118755887.0,120149897.0,121519221.0,122839258.0,124013861.0,17.209999,18.5,17.379999,17.129999,16.559999,16.34,15.45,17.299999,16.540001,17.379999,15.79,16.620001,16.15,16.6,15.42,6
115,MKD,73.5975609756098,73.6975609756098,73.8951219512195,73.8,74.4,74.4463414634146,74.9975609756098,75.1,74.9024390243903,75.4,75.4512195121951,75.4024390243902,75.4,75.9536585365854,76.6487804878049,2032544.0,2036855.0,2040228.0,2043559.0,2046898.0,2050671.0,2055004.0,2058539.0,2061044.0,2064032.0,2067471.0,2070226.0,2072490.0,2074502.0,2076217.0,27.190001,29.549999,31.16,30.27,27.24,25.77,21.77,33.900002,29.66,25.76,25.209999,27.57,24.82,24.93,24.91,0
116,MLI,53.538,54.003,54.615,54.941,55.291,55.874,56.382,56.755,57.079,57.357,57.9,58.363,58.731,59.132,59.393,12751995.0,13180551.0,13623541.0,14080912.0,14551117.0,15032635.0,15529181.0,16039734.0,16514687.0,17004033.0,17551814.0,18112907.0,18700106.0,19311355.0,19934298.0,6.1199999,6.4000001,6.0799999,5.6999998,5.9200001,6.5999999,6.9400001,6.5999999,6.3600001,5.6199999,6.4099998,5.9299998,5.5599999,6.1100001,5.8099999,13
117,MLT,79.2536585365854,79.3,79.4390243902439,79.7926829268293,79.6365853658537,80.2414634146342,81.3975609756098,80.7463414634146,80.7463414634146,81.7463414634146,82.0463414634146,81.8975609756097,82.4536585365854,82.3463414634146,82.4487804878049,401268.0,403834.0,405308.0,406724.0,409379.0,412477.0,414508.0,416268.0,420028.0,425967.0,434558.0,445053.0,455356.0,467999.0,484630.0,7.1999998,8.0500002,8.6700001,8.1300001,7.9000001,7.4499998,5.8699999,8.8000002,7.6599998,7.79,6.1500001,8.6800003,5.7199998,6.9699998,6.1199999,4
118,MMR,61.25,61.599,61.893,62.371,56.506,63.155,63.329,63.901,64.141,64.815,65.056,65.561,65.685,65.843,66.465,47338446.0,47724471.0,48088274.0,48445647.0,48729486.0,49015836.0,49390988.0,49794522.0,50218185.0,50648334.0,51072436.0,51483949.0,51892349.0,52288341.0,52666014.0,30.35,29.42,29.690001,32.52,29.639999,33.700001,32.209999,29.690001,29.73,32.009998,32.470001,29.959999,31.27,28.82,30.360001,8
119,MNE,74.5639512195122,73.9829268292683,73.8390243902439,74.3390243902439,75.1365853658537,75.1439024390244,75.990243902439,75.9829268292683,76.2,76.490243902439,76.4414634146341,76.4487804878049,76.4414634146341,76.4853658536585,76.8414634146342,613353.0,614261.0,615025.0,615875.0,616969.0,618294.0,619428.0,620079.0,620601.0,621207.0,621810.0,622159.0,622303.0,622373.0,622227.0,16.5,17.959999,19.58,18.790001,15.73,15.7,14.04,21.58,19.360001,16.91,14.62,18.209999,16.030001,16.76,16.52,2
120,MNG,64.796,64.879,65.513,65.97,66.382,66.766,67.182,67.439,68.111,68.585,69.047,69.498,69.865,70.237,71.199,2537949.0,2559255.0,2581242.0,2605643.0,2633887.0,2666713.0,2702520.0,2743938.0,2792349.0,2845153.0,2902823.0,2964749.0,3029555.0,3096030.0,3163991.0,27.040001,31.309999,34.59,36.59,35.959999,34.279999,31.98,35.66,35.450001,36.450001,34.23,31.860001,37.459999,34.59,29.299999,8
121,MOZ,51.249,51.561,51.961,52.566,53.164,53.788,54.198,54.869,55.639,56.492,57.274,58.151,59.038,59.771,60.526,19694411.0,20211114.0,20735982.0,21280513.0,21845571.0,22436660.0,23073723.0,23760421.0,24487611.0,25251731.0,26038704.0,26843246.0,27696493.0,28569441.0,29423878.0,13.35,14.97,14.08,16.559999,15.05,13.7,15.2,13.0,14.32,14.09,12.57,14.01,12.42,11.67,13.86,13
122,MRT,61.593,61.656,61.891,62.228,62.399,62.8,63.105,63.346,63.578,63.911,64.155,64.485,64.768,65.083,65.31,2946575.0,3012360.0,3081229.0,3153508.0,3233336.0,3322616.0,3419461.0,3524249.0,3636113.0,3742959.0,3843174.0,3946220.0,4051890.0,4160015.0,4270712.0,3.1500001,3.1900001,3.29,3.0699999,3.1099999,3.3399999,3.5999999,3.3299999,3.6400001,3.1199999,3.29,3.21,3.1600001,3.3499999,3.0,5
123,MUS,72.2658536585366,72.4321951219512,72.4321951219512,72.5707317073171,72.5707317073171,72.8824390243903,72.9673170731707,73.2668292682927,73.8634146341464,74.0170731707317,74.1943902439024,74.3531707317073,74.3948780487805,74.5146341463415,74.4163414634146,1221003.0,1228254.0,1233996.0,1239630.0,1244121.0,1247429.0,1250400.0,1252404.0,1255882.0,1258653.0,1260934.0,1262605.0,1263473.0,1264613.0,1265303.0,3.75,4.8299999,3.6700001,3.9100001,3.73,3.75,4.3099999,4.4200001,3.9400001,4.1500001,3.9100001,3.8599999,4.1900001,4.1900001,4.52,7
124,MWI,50.453,52.044,53.238,53.946,54.604,55.448,56.381,57.455,58.679,59.729,60.899,61.378,62.209,62.977,63.276,12411342.0,12755648.0,13118307.0,13495463.0,13889423.0,14298932.0,14718422.0,15146094.0,15581251.0,16024775.0,16477966.0,16938942.0,17405624.0,17881167.0,18367883.0,18.0,19.219999,18.23,22.66,20.48,18.709999,19.959999,18.6,19.040001,19.1,17.799999,18.780001,16.68,15.98,17.690001,9
125,MYS,73.898,74.096,74.164,74.211,74.25,74.227,74.442,74.746,74.944,75.035,75.146,75.094,75.289,75.476,75.644,25333247.0,25923536.0,26509413.0,27092604.0,27664296.0,28217204.0,28717731.0,29184133.0,29660212.0,30134807.0,30606459.0,31068833.0,31526418.0,31975806.0,32399271.0,16.43,16.07,20.639999,14.38,13.78,18.059999,13.27,16.360001,16.559999,17.459999,18.59,22.59,14.27,12.99,14.0,2
126,NAM,51.246,51.787,52.655,53.68,54.653,55.496,56.015,56.553,57.64,58.694,59.822,60.7,61.682,62.293,62.586,1939406.0,1962865.0,1986558.0,2011492.0,2038552.0,2067919.0,2099271.0,2132340.0,2167470.0,2204510.0,2243001.0,2282704.0,2323352.0,2364534.0,2405680.0,13.03,15.58,14.49,15.69,18.379999,16.02,18.379999,17.1,15.42,14.83,13.18,14.52,13.9,14.33,14.3,9
127,NCL,75.4707317073171,75.7219512195122,76.0756097560976,76.4780487804878,76.6804878048781,76.9804878048781,77.2804878048781,76.6317073170732,77.0780487804878,77.1780487804878,77.2365853658537,77.2804878048781,76.9317073170732,77.5390243902439,80.0030975609756,228750.0,232250.0,235750.0,239250.0,242750.0,245950.0,249750.0,254350.0,259000.0,263650.0,268050.0,269460.0,270220.0,270810.0,271170.0,2.0799999,2.0999999,1.83,2.2,2.53,2.3299999,2.49,2.6500001,2.46,2.5,2.3399999,2.3399999,2.75,2.46,2.6500001,4
128,NER,52.589,53.59,54.596,55.553,56.508,57.396,58.367,58.994,59.65,60.239,60.786,61.083,61.629,62.16,62.454,13366885.0,13855221.0,14365168.0,14897873.0,15455175.0,16037915.0,16647543.0,17283112.0,17954407.0,18653199.0,19372014.0,20128124.0,20921743.0,21737922.0,22577058.0,9.1300001,9.1300001,9.6199999,9.8100004,10.02,10.46,11.28,10.03,11.11,8.9399996,9.8000002,10.07,9.9899998,10.61,10.96,13
129,NGA,48.767,49.297,49.73,50.033,50.225,50.712,50.945,51.357,51.497,51.707,51.791,51.841,52.043,52.305,52.554,136756848.0,140490722.0,144329764.0,148294028.0,152382506.0,156595758.0,160952853.0,165463745.0,170075932.0,174726123.0,179379016.0,183995785.0,188666931.0,193495907.0,198387623.0,22.41,22.41,21.280001,22.01,23.92,22.530001,23.709999,22.15,22.02,20.49,20.440001,20.450001,23.1,22.9,23.469999,11
130,NIC,67.423,67.936,68.725,69.559,70.586,71.433,72.009,72.416,72.615,72.704,72.812,72.983,73.256,73.554,73.85,5386223.0,5454678.0,5529811.0,5607453.0,5687744.0,5770639.0,5855734.0,5942553.0,6030607.0,6119379.0,6208676.0,6298598.0,6389235.0,6480532.0,6572233.0,12.05,15.52,12.34,13.53,12.79,10.78,14.49,13.39,11.52,12.83,10.52,10.32,12.26,12.94,10.69,2
131,NLD,79.0951219512195,79.3463414634146,79.6975609756098,80.0975609756098,80.2512195121951,80.5487804878049,80.7024390243902,81.2048780487805,81.1048780487805,81.3048780487805,81.7073170731707,81.509756097561,81.5609756097561,81.7609756097561,81.8121951219512,16281779.0,16319868.0,16346101.0,16381696.0,16445593.0,16530388.0,16615394.0,16693074.0,16754962.0,16804432.0,16865008.0,16939923.0,17030314.0,17131296.0,17231624.0,12.7,12.37,12.54,12.83,13.66,14.16,14.59,14.18,11.38,12.16,11.49,10.44,10.22,10.0,10.88,3
132,NOR,79.8414634146342,80.0414634146342,80.3439024390244,80.3951219512195,80.5926829268293,80.7951219512195,80.9975609756098,81.2951219512195,81.4512195121951,81.7512195121951,82.1,82.3048780487805,82.4073170731707,82.609756097561,82.7585365853659,4591910.0,4623291.0,4660677.0,4709153.0,4768212.0,4828726.0,4889252.0,4953088.0,5018573.0,5079623.0,5137232.0,5188607.0,5234519.0,5276968.0,5311916.0,5.71,5.6100001,6.4400001,5.27,5.2800002,5.75,6.3299999,6.0100002,5.1599998,5.0999999,5.3699999,4.3099999,4.6500001,4.1799998,5.1599998,4
133,NPL,64.818,65.457,65.868,66.329,66.421,66.761,66.814,67.313,67.47,67.965,68.085,67.456,68.776,68.91,68.979,26003965.0,26285110.0,26518971.0,26713655.0,26881544.0,27026941.0,27161567.0,27266399.0,27330694.0,27381555.0,27462106.0,27610325.0,27861186.0,28183426.0,28506712.0,41.080002,40.610001,46.540001,46.790001,47.889999,51.529999,43.82,48.509998,46.48,45.310001,45.02,47.470001,48.34,44.759998,48.77,10
134,NZL,79.5487804878049,79.8512195121951,80.0487804878049,80.1512195121951,80.3512195121951,80.7024390243902,80.7024390243902,80.9048780487805,81.1560975609756,81.4073170731707,81.4048780487805,81.4568292682927,81.6124390243903,81.6585365853659,81.8585365853659,4087500.0,4133900.0,4184600.0,4223800.0,4259800.0,4302600.0,4350700.0,4384000.0,4408100.0,4442100.0,4516500.0,4609400.0,4714100.0,4813600.0,4900600.0,2.24,2.55,2.4000001,2.6099999,2.45,2.3900001,2.5699999,2.5599999,2.49,2.72,2.3699999,2.3399999,2.3,2.75,2.4300001,4
135,OMN,74.329,74.396,74.48,74.461,74.612,74.681,76.269,76.608,77.061,77.246,77.446,77.687,77.916,77.924,77.966,2468855.0,2515192.0,2560649.0,2605700.0,2651028.0,2697537.0,2881914.0,3206870.0,3535579.0,3816680.0,4009267.0,4191776.0,4398070.0,4541854.0,4601157.0,9.3000002,9.4799995,12.47,10.82,12.46,13.64,12.65,12.37,13.46,12.82,13.25,12.52,12.96,11.83,13.03,3
136,PAK,63.052,62.466,63.731,63.852,64.036,64.14,64.436,64.648,64.782,65.15,65.284,65.697,65.88,66.297,66.482,170648620.0,174372098.0,178069984.0,181924521.0,185931955.0,190123222.0,194454498.0,198602738.0,202205861.0,205337562.0,208251628.0,210969298.0,213524840.0,216379655.0,219731479.0,34.349998,36.209999,40.02,39.959999,38.439999,37.720001,42.959999,41.880001,40.119999,40.400002,40.279999,44.380001,43.349998,41.439999,38.919998,10
137,PAN,75.544,75.829,76.012,76.154,76.225,76.343,76.448,76.627,76.819,77.038,77.248,77.468,77.653,77.795,77.863,3243311.0,3305868.0,3368573.0,3431614.0,3495276.0,3559343.0,3623617.0,3688674.0,3754862.0,3821556.0,3888793.0,3957099.0,4026336.0,4096063.0,4165255.0,6.4200001,7.8200002,7.48,7.4200001,7.1100001,7.3099999,9.1999998,8.6800003,8.3599997,7.9499998,7.9000001,7.6399999,8.46,8.5,7.5500002,4
138,PER,72.668,72.986,73.172,73.223,73.377,73.466,73.711,74.133,74.544,74.967,75.333,75.621,75.789,75.879,76.009,27893911.0,28147267.0,28381078.0,28600387.0,28806185.0,29009326.0,29229572.0,29477721.0,29749589.0,30038809.0,30353951.0,30711863.0,31132779.0,31605486.0,32203944.0,26.709999,27.41,25.76,25.85,24.07,24.440001,25.690001,24.4,24.5,24.190001,23.25,23.35,24.540001,24.940001,24.030001,0
139,PHL,70.037,70.24,70.282,70.483,70.564,70.633,70.754,70.788,70.881,70.835,71.151,71.268,71.387,71.516,71.689,84607501.0,86261250.0,87901835.0,89561377.0,91252326.0,92946951.0,94636700.0,96337913.0,98032317.0,99700107.0,101325201.0,103031365.0,104875266.0,106738501.0,108568836.0,17.389999,18.709999,16.73,17.129999,16.549999,18.51,17.15,17.82,16.57,16.889999,17.66,16.950001,16.1,16.889999,14.55,2
140,PNG,61.761,61.801,61.917,62.034,62.571,62.788,63.039,63.526,63.733,63.961,64.259,64.701,64.84,65.103,65.182,6293166.0,6498818.0,6708217.0,6921066.0,7137988.0,7358890.0,7583269.0,7806637.0,8026545.0,8245627.0,8464153.0,8682174.0,8899169.0,9114796.0,9329227.0,11.27,9.9899998,11.25,11.68,13.19,11.95,13.17,12.1,12.3,13.55,13.52,12.25,11.46,12.56,10.7,12
141,POL,74.8463414634146,74.9951219512195,75.1439024390244,75.2439024390244,75.5439024390244,75.6951219512195,76.2463414634146,76.6951219512195,76.7463414634146,77.0,77.6024390243903,77.4512195121951,77.8512195121951,77.7536585365854,77.6024390243903,38182222.0,38165445.0,38141267.0,38120560.0,38125759.0,38151603.0,38042794.0,38063255.0,38063164.0,38040196.0,38011735.0,37986412.0,37970087.0,37974826.0,37974750.0,22.559999,23.889999,25.49,20.059999,19.76,22.5,26.389999,23.610001,21.549999,21.059999,21.120001,19.43,19.110001,19.5,19.030001,0
142,PRI,77.143,77.237,77.415,77.621,77.841,77.877,78.01,78.316,78.461,78.777,78.929,79.695,80.27,79.258,79.77,3826878.0,3821362.0,3805214.0,3782995.0,3760866.0,3740410.0,3721525.0,3678732.0,3634488.0,3593077.0,3534874.0,3473232.0,3406672.0,3325286.0,3193354.0,1.78,2.55,2.53,2.25,1.75,1.9,2.5799999,1.77,1.92,1.7,1.86,1.75,1.97,2.27,2.1099999,4
143,PRK,69.437,69.285,69.085,68.911,68.958,69.732,70.419,70.978,71.626,72.319,72.942,72.784,72.805,72.978,73.031,23948930.0,24100982.0,24235761.0,24356506.0,24469047.0,24581509.0,24686435.0,24783789.0,24887770.0,25001819.0,25126131.0,25258015.0,25389611.0,25516321.0,25638149.0,24.02,25.879999,30.48,27.059999,28.030001,27.4,21.790001,26.190001,25.889999,24.67,29.52,27.84,24.959999,22.559999,20.26,0
144,PRT,77.6707317073171,78.0707317073171,78.419512195122,78.3219512195122,78.5243902439025,78.7268292682927,79.0268292682927,80.4707317073171,80.3731707317073,80.7219512195122,81.1219512195122,81.1243902439025,81.1243902439025,81.4243902439025,81.3243902439024,10483861.0,10503330.0,10522288.0,10542964.0,10558177.0,10568247.0,10573100.0,10557560.0,10514844.0,10457295.0,10401062.0,10358076.0,10325452.0,10300300.0,10283822.0,7.8400002,9.8800001,8.1700001,8.04,5.23,5.8899999,5.8000002,6.1100001,5.3800001,5.98,5.0700002,5.8400002,5.9699998,6.2800002,5.27,4
145,PRY,70.481,70.527,70.781,71.106,71.384,71.635,71.887,72.131,72.454,72.757,72.878,73.191,73.534,73.644,73.568,5416324.0,5476878.0,5534675.0,5590145.0,5645148.0,5702574.0,5768613.0,5843939.0,5923322.0,6005652.0,6090721.0,6177950.0,6266615.0,6355404.0,6443328.0,14.37,14.92,13.94,19.969999,12.43,12.64,12.64,11.76,12.68,11.35,13.13,13.87,12.2,12.66,11.47,2
146,PSE,71.182,72.067,71.915,72.153,72.413,72.608,73.004,73.243,73.466,74.029,72.622,74.406,74.554,74.833,74.793,3236626.0,3320396.0,3406334.0,3494496.0,3591977.0,3689099.0,3786161.0,3882986.0,3979998.0,4076708.0,4173398.0,4270092.0,4367088.0,4454805.0,4569087.0,10.16,10.37,11.17,11.01,10.72,11.36,11.08,12.09,13.31,11.25,10.4,12.71,10.66,12.15,11.8,2
147,PYF,79.696,79.736,79.842,80.02,80.301,80.665,81.039,81.429,81.759,82.017,82.214,82.354,82.488,82.618,82.783,267132.0,271060.0,274901.0,278178.0,280558.0,282283.0,283788.0,285265.0,286584.0,288032.0,289873.0,291787.0,293541.0,295450.0,297606.0,0.87,1.14,0.85000002,0.88999999,0.69,0.77999997,0.75999999,0.66000003,0.75999999,0.85000002,0.93000001,0.86000001,0.75999999,0.76999998,0.86000001,4
148,QAT,75.961,76.064,76.57,77.016,77.427,77.878,78.425,78.891,79.227,79.536,79.768,80.064,80.433,80.717,80.898,777943.0,848710.0,1015060.0,1231893.0,1444277.0,1610274.0,1713504.0,1804171.0,1905660.0,2035501.0,2214465.0,2414573.0,2595166.0,2711755.0,2766732.0,19.219999,19.92,23.4,22.860001,24.75,27.129999,29.34,27.889999,29.870001,27.879999,29.209999,29.120001,30.4,33.75,30.879999,0
149,ROU,71.5609756097561,71.9121951219512,72.1634146341463,72.5658536585366,72.5658536585366,73.309756097561,73.4585365853659,74.409756097561,74.4121951219512,75.0634146341463,74.909756097561,74.9121951219512,75.209756097561,75.309756097561,75.3585365853659,21451748.0,21319685.0,21193760.0,20882982.0,20537875.0,20367487.0,20246871.0,20147528.0,20058035.0,19983693.0,19908979.0,19815616.0,19702267.0,19588715.0,19473970.0,19.32,19.85,19.950001,17.290001,17.18,17.370001,16.43,20.66,18.98,16.219999,15.38,16.09,16.09,18.110001,15.97,2
150,RUS,65.4709756097561,65.529756097561,66.7275609756098,67.5868292682927,67.9492682926829,68.6846341463415,68.8412195121951,69.6839024390244,70.0721951219512,70.5787804878049,70.7436585365854,71.1834146341463,71.6512195121951,72.4514634146342,72.6621951219512,144067316.0,143518814.0,143049637.0,142805114.0,142742366.0,142785349.0,142849468.0,142960908.0,143201721.0,143506995.0,143819667.0,144096870.0,144342397.0,144496739.0,144477859.0,13.39,13.82,14.7,12.57,12.96,13.76,14.08,12.1,13.55,12.0,12.48,11.31,11.93,11.88,10.92,6
151,RWA,55.491,57.316,58.714,59.965,61.134,61.958,62.54,63.261,64.009,64.426,64.94,65.298,65.737,65.941,66.251,8791853.0,9026299.0,9270066.0,9523168.0,9781996.0,10043737.0,10309031.0,10576932.0,10840334.0,11101350.0,11368451.0,11642959.0,11930899.0,12230339.0,12531808.0,34.549999,34.360001,29.23,38.48,36.549999,33.82,35.41,37.169998,36.439999,37.139999,33.189999,35.34,34.560001,29.690001,29.65,8
152,SAU,74.153,74.588,74.81,75.046,75.274,75.431,75.763,76.234,76.461,76.626,76.757,76.918,77.064,77.16,77.212,23661808.0,24397644.0,25382870.0,26400068.0,27437353.0,28483797.0,29411929.0,30150945.0,30821543.0,31482498.0,32125564.0,32749848.0,33416270.0,34193122.0,35018133.0,16.120001,17.84,20.49,20.41,21.99,22.709999,23.51,24.68,25.17,22.030001,24.83,25.030001,24.07,26.440001,24.76,0
153,SDN,56.773,57.279,60.281,61.256,61.206,62.644,63.016,63.246,63.792,63.678,64.269,64.659,64.78,65.445,65.681,28831550.0,29540577.0,30332968.0,31191163.0,32065241.0,32948155.0,33739933.0,34419624.0,35159792.0,35990704.0,37003245.0,38171178.0,39377169.0,40679828.0,41999059.0,8.3999996,9.0,9.8800001,9.6099997,9.54,8.8000002,10.22,9.8199997,9.46,8.3900003,9.3800001,8.9300003,9.4899998,10.72,9.79,12
154,SEN,60.027,60.915,61.75,62.543,63.242,63.923,64.615,65.262,65.457,66.072,66.452,66.879,67.497,67.75,68.097,10698691.0,10974057.0,11263387.0,11563869.0,11872929.0,12195029.0,12530121.0,12875880.0,13231833.0,13595566.0,13970308.0,14356181.0,14751356.0,15157793.0,15574909.0,4.4400001,4.77,5.0300002,4.7399998,4.9200001,5.2399998,5.6399999,4.9899998,5.2399998,4.96,4.8699999,5.4499998,4.79,5.0,4.4699998,12
155,SGP,79.490243902439,79.990243902439,80.1414634146341,80.4414634146342,80.790243902439,81.2414634146342,81.5414634146342,81.7439024390244,81.9951219512195,82.2463414634147,82.4951219512195,82.7439024390244,82.8463414634146,83.0951219512195,83.2975609756098,4166664.0,4265762.0,4401365.0,4588599.0,4839396.0,4987573.0,5076732.0,5183688.0,5312437.0,5399162.0,5469724.0,5535002.0,5607283.0,5612253.0,5638676.0,16.0,15.89,25.68,13.97,13.03,19.82,11.94,14.67,16.92,22.110001,17.450001,25.85,13.27,12.44,13.23,3
156,SLB,67.801,67.936,68.09,67.986,68.404,68.466,68.732,68.908,69.084,69.188,69.234,69.583,69.801,69.988,70.173,471785.0,482486.0,493430.0,504619.0,516001.0,527833.0,540394.0,553721.0,567763.0,582365.0,597375.0,612660.0,628102.0,643634.0,659249.0,4.1599998,3.53,4.77,5.5900002,3.8699999,5.48,5.25,5.0999999,5.3899999,7.1199999,6.8499999,6.3800001,6.3699999,7.1300001,6.1900001,7
157,SLE,47.577,48.237,49.323,50.365,51.526,52.626,53.693,54.62,55.451,56.313,56.393,57.189,58.404,58.652,59.796,5533329.0,5683334.0,5809774.0,5939163.0,6090860.0,6259842.0,6436698.0,6612385.0,6788587.0,6964859.0,7140688.0,7314773.0,7493913.0,7677565.0,7861281.0,13.19,12.8,12.19,11.93,12.6,15.49,13.8,12.77,11.4,13.0,12.87,11.95,12.26,11.65,11.51,13
158,SLV,70.34,70.44,70.773,71.108,71.424,71.576,71.848,71.859,71.831,71.771,71.746,71.814,72.025,72.311,72.555,6035655.0,6037817.0,6034436.0,6044131.0,6068099.0,6091188.0,6114034.0,6137349.0,6161289.0,6185642.0,6209526.0,6231066.0,6250510.0,6266654.0,6276342.0,21.209999,26.950001,22.209999,24.870001,24.610001,25.27,26.280001,27.540001,25.139999,26.790001,23.84,22.75,24.33,25.01,23.780001,0
159,SOM,50.538,50.661,50.597,50.515,51.12,51.853,50.563,51.304,53.161,53.843,54.277,54.857,55.044,55.654,56.375,10117354.0,10467292.0,10784973.0,11118092.0,11444870.0,11730037.0,12026649.0,12216837.0,12440326.0,12852485.0,13309235.0,13763906.0,14292847.0,14864221.0,15411094.0,8.4399996,7.3499999,8.5100002,8.75,7.4499998,8.6000004,8.5,9.25,8.1499996,7.4000001,7.6999998,8.0100002,7.9299998,7.8899999,8.54,13
160,SRB,72.6829268292683,72.8341463414634,73.3853658536585,73.6317073170732,73.8853658536585,73.9853658536585,74.3365853658537,74.5365853658537,74.8365853658537,75.1853658536585,75.3365853658537,75.2878048780488,75.6878048780488,75.5390243902439,75.890243902439,7463157.0,7440769.0,7411569.0,7381579.0,7350222.0,7320807.0,7291436.0,7234099.0,7199077.0,7164132.0,7130576.0,7095383.0,7058322.0,7020858.0,6982604.0,21.99,23.469999,23.469999,20.5,20.280001,21.469999,18.889999,27.389999,24.76,20.98,20.01,22.280001,21.27,21.889999,21.1,0
161,SSD,50.917,51.545,52.016,52.856,53.538,53.891,54.812,54.94,55.865,55.751,54.973,55.566,55.544,55.309,55.95,7317118.0,7662654.0,8029517.0,8417823.0,8823888.0,9229227.0,9714419.0,10243050.0,10701604.0,11106031.0,11213284.0,11194299.0,11066105.0,10658226.0,10395329.0,13.67,15.4,14.42,16.450001,14.47,14.98,15.79,17.309999,15.3,15.48,15.61,14.64,15.44,15.18,14.11,13
162,SUR,66.416,67.002,67.571,68.204,68.816,69.505,69.894,69.914,69.764,69.682,69.782,70.8,71.592,72.417,72.553,510572.0,516220.0,522023.0,527946.0,533938.0,539987.0,546080.0,552146.0,558111.0,563947.0,569682.0,575475.0,581453.0,587559.0,593715.0,6.1700001,6.29,6.0799999,5.6100001,6.9000001,6.3000002,6.1100001,5.6700001,5.7600002,5.1900001,4.9200001,4.98,5.3499999,5.0100002,4.9499998,7
163,SVK,73.9585365853659,73.9048780487805,74.2048780487805,74.2073170731707,74.7048780487805,74.909756097561,75.1121951219512,75.9585365853659,76.109756097561,76.4121951219512,76.8121951219512,76.5634146341463,77.1658536585366,77.1658536585366,77.2658536585366,5372280.0,5372807.0,5373054.0,5374622.0,5379233.0,5386406.0,5391428.0,5398384.0,5407579.0,5413393.0,5418649.0,5423801.0,5430798.0,5439232.0,5446771.0,20.6,22.309999,23.040001,17.1,16.940001,19.32,20.540001,21.74,18.780001,18.559999,16.67,17.35,15.99,17.030001,15.88,0
164,SVN,77.2073170731707,77.6121951219512,78.0865853658537,78.5609756097561,78.7658536585366,78.9707317073171,79.4219512195122,79.9707317073171,80.1243902439024,80.3219512195122,81.0780487804878,80.7756097560976,81.1756097560976,81.0292682926829,81.3780487804878,1997012.0,2000474.0,2006868.0,2018122.0,2021316.0,2039669.0,2048583.0,2052843.0,2057159.0,2059953.0,2061980.0,2063531.0,2065042.0,2066388.0,2073894.0,18.67,20.58,20.35,16.379999,16.41,16.389999,17.719999,19.870001,16.219999,15.72,13.34,16.32,14.85,15.42,14.57,3
165,SWE,80.4975609756098,80.5463414634146,80.7487804878049,80.9,81.1,81.3512195121951,81.4512195121951,81.8024390243903,81.7048780487805,81.9560975609756,82.2536585365854,82.2048780487805,82.3073170731707,82.409756097561,82.5585365853659,8993531.0,9029572.0,9080505.0,9148092.0,9219637.0,9298515.0,9378126.0,9449213.0,9519374.0,9600379.0,9696110.0,9799186.0,9923085.0,10057698.0,10175214.0,6.71,6.9699998,7.6199999,6.29,6.52,6.3499999,6.7600002,6.8000002,5.6599998,5.2600002,6.6599998,5.1900001,5.0300002,4.77,5.52,4
166,SWZ,42.538,42.125,43.12,43.641,44.175,44.639,46.619,48.195,49.835,51.486,53.05,55.019,56.659,57.895,59.411,1065764.0,1071886.0,1077735.0,1084008.0,1089870.0,1094886.0,1099920.0,1105371.0,1111444.0,1118319.0,1125865.0,1133936.0,1142524.0,1151390.0,1160428.0,16.49,17.25,15.15,16.700001,15.4,15.59,17.709999,14.69,16.290001,15.19,14.36,15.35,13.12,14.0,14.62,13
167,SYC,72.6609756097561,72.1317073170732,72.2170731707317,73.1439024390244,73.1634146341463,73.0829268292683,73.1975609756098,72.7243902439024,74.2756097560976,73.119512195122,73.2292682926829,74.2951219512195,74.309756097561,74.3,72.8414634146341,82475.0,82858.0,84600.0,85033.0,86956.0,87298.0,89770.0,87441.0,88303.0,89949.0,91359.0,93419.0,94677.0,95843.0,96762.0,3.46,3.28,4.1599998,4.1300001,3.25,4.71,3.73,4.6100001,4.1300001,3.9400001,3.96,3.4300001,4.8000002,4.8299999,4.21,7
168,SYR,72.475,72.769,73.35,73.709,73.551,73.853,73.881,73.305,66.769,63.827,63.153,65.124,65.993,68.481,70.145,18084007.0,18583557.0,19432009.0,20703005.0,21474059.0,21827220.0,22337563.0,22730733.0,22605577.0,21495821.0,20072232.0,19205178.0,18964252.0,18983373.0,19333463.0,16.110001,18.16,17.049999,18.01,16.85,20.030001,17.549999,20.940001,23.280001,20.6,19.620001,20.700001,18.52,20.09,19.99,2
169,TCA,76.786,77.148,76.831,75.914,76.632,77.164,76.243,76.195,77.037,77.018,77.135,76.912,76.864,76.702,76.443,22869.0,23995.0,25128.0,26268.0,27422.0,28581.0,29726.0,30816.0,32081.0,33594.0,34985.0,36538.0,38246.0,39844.0,41487.0,2.6300001,3.47,3.0699999,2.9200001,1.9400001,2.03,2.73,2.1400001,2.27,1.9299999,1.9299999,2.03,2.0799999,2.24,2.05,4
170,TCD,48.232,48.312,48.286,48.751,49.024,49.196,49.584,50.009,50.54,50.781,51.202,51.589,52.083,52.308,52.825,9613503.0,10005012.0,10365614.0,10722731.0,11098664.0,11496128.0,11894727.0,12317730.0,12754906.0,13216766.0,13697126.0,14140274.0,14592585.0,15085884.0,15604210.0,10.93,10.33,10.36,10.62,10.29,10.0,11.36,11.0,10.82,9.9200001,10.33,10.32,10.67,10.96,11.4,13
171,TGO,55.569,55.962,56.222,56.511,56.695,57.011,57.304,57.925,58.073,58.684,58.853,59.396,59.55,60.154,60.244,5565218.0,5711597.0,5874240.0,6047537.0,6222482.0,6398624.0,6571855.0,6748672.0,6926635.0,7106229.0,7288383.0,7473229.0,7661354.0,7852795.0,8046679.0,16.950001,17.6,16.17,16.799999,17.52,17.0,16.610001,16.08,14.37,13.63,13.93,14.55,15.36,15.72,15.03,9
172,THA,73.08,73.82,74.938,75.187,75.492,75.842,76.131,76.421,76.772,77.083,77.415,77.717,78.049,78.394,78.662,65311166.0,65821360.0,66319525.0,66826754.0,67328239.0,67813654.0,68270489.0,68712846.0,69157023.0,69578602.0,69960943.0,70294397.0,70607037.0,70898202.0,71127802.0,23.879999,23.83,22.75,25.639999,23.879999,23.02,23.57,24.530001,22.940001,24.99,23.549999,21.32,23.209999,21.07,21.35,0
173,TJK,66.028,66.514,67.013,67.217,67.688,68.039,67.742,68.148,68.484,68.885,69.069,69.306,69.549,69.905,70.353,6801204.0,6929145.0,7057417.0,7188391.0,7324627.0,7468596.0,7621779.0,7784819.0,7956382.0,8136610.0,8326348.0,8524063.0,8725318.0,8925525.0,9128132.0,12.42,14.2,13.42,14.78,14.15,15.99,14.89,18.09,17.15,14.68,15.12,15.86,15.97,17.26,14.02,2
174,TKM,66.075,66.068,66.499,66.895,67.407,67.958,68.293,68.567,68.722,68.74,68.614,68.782,68.777,68.916,68.796,4819792.0,4885775.0,4954029.0,5024894.0,5100083.0,5180957.0,5267970.0,5360811.0,5458682.0,5560095.0,5663152.0,5766431.0,5868561.0,5968383.0,6065066.0,8.0500002,9.3699999,9.0900002,8.7399998,11.36,8.8900003,9.3400002,11.36,12.25,8.1899996,9.3000002,8.5900002,8.5299997,9.8500004,8.9499998,12
175,TLS,61.628,62.328,63.073,63.723,64.329,64.854,65.304,65.697,66.081,66.44,66.787,67.137,67.446,67.745,68.017,945989.0,969313.0,994564.0,1019362.0,1043076.0,1065540.0,1088486.0,1112976.0,1137676.0,1161555.0,1184830.0,1205813.0,1224562.0,1243235.0,1261845.0,9.6400003,8.6499996,8.8400002,10.48,9.8400002,10.82,9.3299999,13.52,13.09,9.25,10.75,10.11,9.4899998,10.43,10.07,12
176,TON,69.67,69.768,69.894,70.048,70.164,70.012,70.323,70.381,70.442,70.505,70.54,70.607,70.661,70.713,70.779,105036.0,105633.0,106190.0,106638.0,106932.0,107144.0,107383.0,107611.0,107502.0,107089.0,106626.0,106122.0,105707.0,105415.0,105150.0,1.17,1.0700001,1.0,0.85000002,1.88,1.0,0.88999999,0.95999998,0.93000001,1.0599999,0.92000002,0.88,0.94999999,1.1799999,1.13,7
177,TTO,71.076,71.308,71.256,71.652,71.47,73.126,72.725,73.278,73.716,73.962,74.215,74.503,74.281,74.23,73.802,1361172.0,1369075.0,1376919.0,1384861.0,1392803.0,1401191.0,1410296.0,1420020.0,1430377.0,1440729.0,1450661.0,1460177.0,1469330.0,1478607.0,1504709.0,3.25,3.72,3.55,3.45,3.74,3.29,5.1799998,3.54,3.54,3.4100001,2.9200001,3.0699999,3.8299999,3.75,3.03,7
178,TUN,74.49,74.764,74.921,75.072,75.185,75.267,75.421,75.46,75.55,75.65,75.65,75.692,75.786,75.845,75.95,10292225.0,10388344.0,10483558.0,10580395.0,10680380.0,10784504.0,10895063.0,11032528.0,11174383.0,11300284.0,11428948.0,11557779.0,11685667.0,11811443.0,11933041.0,7.73,10.65,9.96,8.75,8.3000002,8.8599997,6.6399999,10.46,8.9899998,8.8299999,6.9200001,10.37,7.7199998,9.4300003,8.2299995,7
179,TUR,73.24,73.534,73.845,74.193,74.45,74.765,75.069,74.941,75.678,76.297,76.565,76.646,76.66,77.141,77.563,67785075.0,68704715.0,69601333.0,70468869.0,71320726.0,72225639.0,73195345.0,74173854.0,75277439.0,76576117.0,78112073.0,79646178.0,81019394.0,82089826.0,82809304.0,17.309999,18.51,19.870001,19.66,17.700001,20.15,17.200001,22.610001,24.049999,21.83,22.370001,23.129999,20.73,22.559999,21.15,0
180,TUV,63.693,63.836,63.928,63.931,63.948,63.949,63.978,63.974,63.964,64.008,64.025,64.06,64.108,64.148,64.212,9791.0,9912.0,10030.0,10149.0,10272.0,10408.0,10550.0,10700.0,10854.0,10918.0,10899.0,10877.0,10852.0,10828.0,10865.0,1.1,1.3,1.16,1.42,0.95999998,1.1900001,1.0599999,0.86000001,1.0599999,1.26,1.49,1.46,1.36,1.1,1.22,5
181,TZA,55.596,56.299,56.911,57.52,58.086,58.894,60.105,61.049,62.03,62.96,63.873,64.651,65.386,65.999,66.535,38360879.0,39439505.0,40562052.0,41716497.0,42870884.0,43957933.0,45110527.0,46416031.0,47786137.0,49253643.0,50814552.0,52542823.0,54401802.0,56267032.0,58090443.0,17.02,18.33,16.08,21.0,18.27,17.43,18.33,18.879999,19.17,18.620001,16.639999,17.540001,16.67,14.38,15.8,9
182,UGA,51.547,52.976,54.369,55.236,55.823,56.488,57.055,57.965,58.817,59.763,60.408,61.086,61.648,62.115,62.714,27146084.0,27946588.0,28773227.0,29629804.0,30509862.0,31412520.0,32341728.0,33295738.0,34273295.0,35273570.0,36336539.0,37477356.0,38748299.0,40127085.0,41515395.0,26.18,26.940001,24.540001,30.02,27.17,25.35,27.9,29.360001,28.459999,29.719999,26.049999,27.110001,26.530001,22.700001,23.68,8
183,UKR,68.1853658536585,67.9568292682927,68.0775609756098,68.2221951219512,68.2514634146342,69.19,70.2653658536586,70.8092682926829,70.9441463414634,71.159512195122,71.1865853658537,71.189512195122,71.4763414634146,71.7809756097561,71.5826829268293,47451626.0,47105171.0,46787786.0,46509355.0,46258189.0,46053331.0,45870741.0,45706086.0,45593342.0,45489648.0,45272155.0,45154036.0,45004673.0,44831135.0,44622518.0,17.299999,17.959999,18.67,16.08,16.34,17.77,16.219999,17.82,17.280001,17.02,16.309999,15.72,15.47,16.450001,14.74,2
184,URY,76.007,76.194,76.362,76.498,76.623,76.738,76.858,76.983,77.111,77.24,77.366,77.483,77.571,77.625,77.611,3313801.0,3317665.0,3322282.0,3328651.0,3336126.0,3344156.0,3352651.0,3361637.0,3371133.0,3381180.0,3391662.0,3402818.0,3413766.0,3422200.0,3427042.0,7.3800001,7.3400002,8.1999998,8.2200003,8.1099997,7.4699998,6.8600001,7.23,8.2299995,7.9400001,8.5200005,7.2399998,7.3800001,7.6700001,7.2199998,4
185,USA,77.4878048780488,77.4878048780488,77.6878048780488,77.9878048780488,78.0390243902439,78.390243902439,78.5414634146342,78.6414634146341,78.7414634146342,78.7414634146342,78.8414634146341,78.690243902439,78.5390243902439,78.5390243902439,78.6390243902439,292805298.0,295516599.0,298379912.0,301231207.0,304093966.0,306771529.0,309327143.0,311583481.0,313877662.0,316059947.0,318386329.0,320738994.0,323071755.0,325122128.0,326838199.0,10.59,11.49,10.21,10.5,9.5100002,8.6300001,8.5600004,8.6599998,7.9200001,7.73,7.6799998,7.3200002,6.6700001,6.96,7.0500002,6
186,VCT,73.035,73.516,74.017,74.703,75.053,75.083,74.718,74.596,74.146,73.798,74.473,74.407,74.28,74.305,74.128,112608.0,112043.0,111427.0,110824.0,110316.0,109840.0,109308.0,108703.0,108083.0,107450.0,106912.0,106482.0,105963.0,105549.0,105281.0,2.1400001,2.4400001,2.1500001,2.1400001,2.1800001,2.3599999,3.1700001,2.1700001,2.3299999,1.9400001,1.83,2.0899999,2.3399999,2.4400001,2.01,7
187,VEN,72.514,72.782,72.742,73.058,72.436,72.579,72.89,72.913,73.036,73.196,72.853,73.006,72.058,71.943,71.979,26226927.0,26668785.0,27102081.0,27525097.0,27933833.0,28327892.0,28715022.0,29096159.0,29470426.0,29838021.0,30193258.0,30529716.0,30741464.0,30563433.0,29825653.0,12.12,13.48,12.43,11.85,12.46,11.04,15.85,13.73,12.81,11.96,11.19,11.64,13.91,13.32,11.56,2
188,VGB,74.251,74.723,74.88,75.039,75.007,75.26,75.428,75.486,75.532,75.574,75.612,75.675,75.724,74.785,75.831,22715.0,23497.0,24323.0,25191.0,26115.0,27044.0,27556.0,27962.0,28421.0,28657.0,28971.0,29366.0,29739.0,30060.0,30335.0,1.3200001,2.05,1.92,1.71,1.4,1.5,2.4200001,1.3099999,1.72,1.3200001,1.38,1.54,1.58,1.77,1.38,7
189,VIR,77.7731707317073,77.4219512195122,78.3243902439024,76.8634146341463,77.1634146341463,77.5146341463415,77.8658536585366,78.3170731707317,78.5170731707317,78.7170731707317,78.8682926829268,79.0170731707317,79.1682926829268,79.3682926829268,79.5195121951219,108466.0,108453.0,108369.0,108337.0,108397.0,108404.0,108357.0,108290.0,108188.0,108041.0,107882.0,107712.0,107516.0,107281.0,107001.0,1.28,1.96,1.9,1.67,1.3200001,1.48,2.21,1.37,1.61,1.37,1.45,1.48,1.55,1.86,1.52,4
190,VNM,73.135,73.271,73.319,73.436,73.411,73.498,73.513,73.692,73.704,73.775,73.855,73.876,73.938,73.963,73.976,82311227.0,83142095.0,83951800.0,84762269.0,85597241.0,86482923.0,87411012.0,88349117.0,89301326.0,90267739.0,91235504.0,92191398.0,93126529.0,94033048.0,94914330.0,27.57,27.76,28.809999,30.190001,30.639999,28.790001,29.059999,30.58,28.969999,29.889999,28.549999,25.790001,26.25,26.139999,23.75,0
191,VUT,69.313,69.39,69.462,69.544,69.602,69.653,69.617,69.551,69.497,69.534,69.465,69.513,69.65,69.71,69.795,212422.0,217632.0,222923.0,228345.0,233952.0,239689.0,245453.0,251294.0,257313.0,263534.0,269927.0,276438.0,283218.0,290239.0,297298.0,3.0,3.1700001,2.75,3.52,3.97,3.5,3.98,4.3200002,4.04,4.5999999,4.3400002,3.95,4.1900001,4.73,4.5100002,7
192,WSM,71.696,71.754,72.021,72.1,72.155,70.066,72.249,72.26,72.167,72.391,72.463,72.515,72.54,72.59,72.636,188073.0,188626.0,189379.0,190478.0,191787.0,193176.0,194672.0,196351.0,198124.0,199939.0,201757.0,203571.0,205544.0,207630.0,209701.0,0.75,1.2,0.94,1.04,0.80000001,0.94999999,0.81,0.75,0.91000003,0.94,1.0,1.26,1.0599999,1.0700001,1.14,7
193,ZAF,54.043,53.98,54.278,54.992,56.022,57.447,58.899,60.651,61.846,62.533,63.38,63.95,64.747,65.402,65.674,48556071.0,49017147.0,49491756.0,49996094.0,50565812.0,51170779.0,51784921.0,52443325.0,53145033.0,53873616.0,54729551.0,55876504.0,56422274.0,56641209.0,57339635.0,22.870001,23.639999,23.07,22.74,23.24,22.629999,25.700001,22.440001,22.379999,21.26,20.48,21.68,20.209999,21.15,21.219999,9
194,ZMB,49.487,50.659,51.795,52.739,53.945,55.3,56.799,57.771,58.867,59.878,60.699,61.208,61.794,62.12,62.342,11188040.0,11564870.0,11971567.0,12402073.0,12852966.0,13318087.0,13792086.0,14265814.0,14744658.0,15234976.0,15737793.0,16248230.0,16767761.0,17298054.0,17835893.0,19.41,21.889999,19.84,23.059999,22.07,21.209999,23.120001,20.200001,21.530001,20.18,19.65,21.620001,20.23,18.92,19.35,9
195,ZWE,44.502,44.768,45.364,45.61,46.723,48.063,50.652,53.347,55.626,57.458,58.846,59.591,60.306,60.709,61.414,12160881.0,12224753.0,12330490.0,12450568.0,12550347.0,12679810.0,12839771.0,13025785.0,13265331.0,13555422.0,13855753.0,14154937.0,14452704.0,14751101.0,15052184.0,15.33,17.75,15.93,18.49,17.4,15.74,18.82,14.78,16.51,15.15,14.38,16.639999,14.9,14.34,15.9,13
